school_id,denominazione,comune,provincia,regione,area_geografica,tipo_scuola,territorio,ordine_grado,indirizzo,cap,email,pec,website,statale_paritaria,extraction_status,analysis_file,has_sezione_dedicata,2_1_score,2_3_finalita_attitudini_score,2_3_finalita_interessi_score,2_3_finalita_progetto_vita_score,2_3_finalita_transizioni_formative_score,2_3_finalita_capacita_orientative_opportunita_score,2_4_obiettivo_ridurre_abbandono_score,2_4_obiettivo_continuita_territorio_score,2_4_obiettivo_contrastare_neet_score,2_4_obiettivo_lifelong_learning_score,2_5_azione_coordinamento_servizi_score,2_5_azione_dialogo_docenti_studenti_score,2_5_azione_rapporto_scuola_genitori_score,2_5_azione_monitoraggio_azioni_score,2_5_azione_sistema_integrato_inclusione_fragilita_score,2_6_didattica_da_esperienza_studenti_score,2_6_didattica_laboratoriale_score,2_6_didattica_flessibilita_spazi_tempi_score,2_6_didattica_interdisciplinare_score,2_7_opzionali_culturali_score,2_7_opzionali_laboratoriali_espressive_score,2_7_opzionali_ludiche_ricreative_score,2_7_opzionali_volontariato_score,2_7_opzionali_sportive_score,mean_finalita,mean_obiettivi,mean_governance,mean_didattica_orientativa,mean_opportunita,partnership_count,activities_count,ptof_orientamento_maturity_index,lat,lon
AVEE81805N,Nicola Maria Abate,San Martino Valle Caudina,Avellino,Campania,Sud,Primaria,Non Metropolitano,Primaria,Corso Vittorio Emanuele 29,83018,avic81800b@istruzione.it,avic81800b@pec.istruzione.it,www.iccarlodelbalzo.it,Statale,ok,analysis_results/AVEE81805N_PTOF_analysis.json,1,5,4,4,5,4,6,3,5,5,5,4,5,5,4,6,4,3,3,4,4,5,3,3,5,4.6,4.5,4.8,3.5,4.0,13,14,4.28,41.02546343,14.66485987
AVEE87401T,Capoluogo-Vallata,Vallata,Avellino,Campania,Sud,Primaria,Non Metropolitano,Primaria,Via Del Tramonto1,83059,avic87400q@istruzione.it,avic87400q@pec.istruzione.it,www.icpascolivallata.it,Statale,ok,analysis_results/AVEE87401T_PTOF_analysis.json,1,5,3,3,5,4,3,4,4,4,4,4,4,5,3,5,4,3,3,4,3,5,3,3,3,3.6,4.0,4.2,3.5,3.4,9,7,3.74,41.03692496,15.25135623
LTRA01650V,Ipa San Benedetto Serale,Latina,Latina,Lazio,Centro,Tecnico,Non Metropolitano,II Grado,ND,ND,ltis01600e@istruzione.it,ND,www.ipasanbenedetto.edu.it,Statale,ok,analysis_results/LTRA01650V_PTOF_analysis.json,1,6,4,4,5,5,5,4,5,4,5,5,5,4,4,5,6,6,5,5,4,4,3,4,4,4.6,4.5,4.6,5.5,3.8,8,6,4.6,41.46759464,12.90368485
TPAA813018,"Plesso ""De Amicis""",Calatafimi-Segesta,Trapani,Sicilia,Isole,Infanzia,Non Metropolitano,Infanzia,Largo Cosentino N.1,91013,tpic81300b@istruzione.it,tpic81300b@pec.istruzione.it,www.istitutocomprensivovivona.edu.it,Statale,ok,analysis_results/TPAA813018_PTOF_analysis.json,1,3,3,4,3,3,3,4,4,1,4,3,3,4,3,4,4,4,4,5,4,4,3,1,4,3.2,3.25,3.4,4.25,3.2,11,13,3.46,37.91416321,12.86271362
RMIC8GA002,Ic Via P. Stabilini,Roma,Roma,Lazio,Centro,"Infanzia, Primaria, I Grado",Metropolitano,"Infanzia, Primaria, I Grado",Via P. Stabilini 19,00173,rmic8ga002@istruzione.it,rmic8ga002@pec.istruzione.it,www.icstabilini.edu.it,Statale,ok,analysis_results/RMIC8GA002_PTOF_analysis.json,1,5,5,4,5,5,5,5,5,4,5,4,4,5,4,5,5,6,4,5,5,5,4,4,5,4.8,4.75,4.4,5.0,4.6,9,5,4.71,41.89277044,12.48366723
LE1M00300G,"Scuola Media ""Cuore Immacolato Di Maria""",Lecce,Lecce,Puglia,Sud,I Grado,Non Metropolitano,I Grado,V. Martiri D'Otranto 27,73100,cuoreimmacolatolecce@fismlecce.org,scic.lecce@pec.it,www.cuoreimmacolatodimaria.net,Paritaria,ok,analysis_results/LE1M00300G_PTOF_analysis.json,0,2,3,3,2,1,2,2,3,1,3,2,3,4,2,4,3,3,2,4,4,5,4,3,4,2.2,2.25,3.0,3.0,4.0,4,2,2.89,40.35354239,18.17190671
BNTD022019,Cerreto Sannita,Cerreto Sannita,Benevento,Campania,Sud,Tecnico,Non Metropolitano,II Grado,Piazza L. Sodo 2,82032,bnis022003@istruzione.it,bnis022003@pec.istruzione.it,www.carafagiustiniani.edu.it,Statale,ok,analysis_results/BNTD022019_PTOF_analysis.json,1,5,4,4,3,4,4,5,5,3,5,5,5,5,4,6,5,3,4,5,5,5,3,4,4,3.8,4.5,5.0,4.25,4.2,16,16,4.35,41.28321897,14.5568909
COAA81301E,Como/Prestino,Como,Como,Lombardia,Nord Ovest,Infanzia,Non Metropolitano,Infanzia,Piazzale Giotto,22100,coic81300n@istruzione.it,coic81300n@pec.istruzione.it,www.iccomoprestino.edu.it,Statale,ok,analysis_results/COAA81301E_PTOF_analysis.json,1,3,3,4,3,4,3,3,5,1,4,3,4,4,5,3,4,5,3,5,5,6,3,4,5,3.4,3.25,3.8,4.25,4.6,17,11,3.86,45.8099912,9.08515955
SATD034011,Ite F.Besta Battipaglia,Battipaglia,Salerno,Campania,Sud,Tecnico,Non Metropolitano,II Grado,Via Gen.Gonzaga94,84091,sais03400p@istruzione.it,sais03400p@pec.istruzione.it,www.bestagloriosi.edu.it,Statale,ok,analysis_results/SATD034011_PTOF_analysis.json,1,5,3,3,3,4,4,5,5,5,4,4,4,4,5,4,6,4,4,3,5,4,3,3,3,3.4,4.75,4.2,4.25,3.6,8,8,4.04,40.60767715,14.98344118
VE1M6Q5004,Santa Caterina Da Siena,Venezia,Venezia,Veneto,Nord Est,I Grado,Metropolitano,I Grado,Via Tassini 17,30173,scuolesantacaterina@fondazionegroggia.org,fondazionegroggia@pec.it,www.fondazionegroggia.org,Paritaria,ok,analysis_results/VE1M6Q5004_PTOF_analysis.json,0,3,3,3,3,3,5,3,4,4,3,4,3,5,4,5,3,5,4,3,3,4,4,3,3,3.4,3.5,4.2,3.75,3.4,10,6,3.65,45.43490484,12.33845214
PIEE838014,A.Saffi,Pontedera,Pisa,Toscana,Centro,Primaria,Non Metropolitano,Primaria,Via Vinicio Modesti 4,56025,piic838002@istruzione.it,piic838002@pec.istruzione.it,www.iccurtatonemontanara.edu.it,Statale,ok,analysis_results/PIEE838014_PTOF_analysis.json,0,5,4,4,4,4,2,5,6,5,6,5,4,5,3,6,5,6,4,5,5,5,4,4,6,3.6,5.5,4.6,5.0,4.8,19,13,4.7,43.66392507,10.63600988
RMMM8F9013,Andrea Velletrano,Velletri,Roma,Lazio,Centro,I Grado,Metropolitano,I Grado,Viale Regina Margherita 33,00049,rmic8f9002@istruzione.it,rmic8f9002@pec.istruzione.it,www.icvelletricentro.edu.it,Statale,ok,analysis_results/RMMM8F9013_PTOF_analysis.json,1,5,5,6,4,5,5,4,6,5,5,5,6,5,4,5,5,4,4,5,5,6,2,4,4,5.0,5.0,5.0,4.5,4.2,5,7,4.74,41.68638171,12.77719681
FITN02301T,Chino Chini,Borgo San Lorenzo,Firenze,Toscana,Centro,Tecnico,Metropolitano,II Grado,Via Caiani 68,50032,fiis02300n@istruzione.it,fiis02300n@pec.istruzione.it,www.chinochini.edu.it,Statale,ok,analysis_results/FITN02301T_PTOF_analysis.json,0,5,4,4,5,6,5,6,5,4,2,6,5,5,5,7,5,6,1,5,4,5,3,4,4,4.8,4.25,5.6,4.25,4.0,21,7,4.58,43.95478735,11.3876842
TAEE80501N,Boschetti Alberti,Ginosa,Taranto,Puglia,Sud,Primaria,Non Metropolitano,Primaria,Via Mille Pini,74025,taic80500g@istruzione.it,taic80500g@pec.istruzione.it,www.comprensivoleone.edu.it,Statale,ok,analysis_results/TAEE80501N_PTOF_analysis.json,0,2,3,3,3,3,3,3,3,1,4,3,3,4,4,5,4,3,3,3,4,5,3,3,5,3.0,2.75,3.8,3.25,4.0,14,15,3.36,40.57760797,16.75757236
TPTD00802B,"Tecnico Turismo - Itc ""P. Mattarella""",Castellammare Del Golfo,Trapani,Sicilia,Isole,Tecnico,Non Metropolitano,II Grado,Via Fleming 19,91014,tpis008004@istruzione.it,ND,www.mattarelladolci.edu.it,Statale,ok,analysis_results/TPTD00802B_PTOF_analysis.json,1,5,4,4,4,4,4,5,5,3,5,5,5,5,4,5,5,4,3,5,4,4,3,4,4,4.0,4.5,4.8,4.25,3.8,11,15,4.27,38.02637875,12.8804435
CBAA82709C,Scuola Dell'Infanzia Di Limosano,Limosano,Campobasso,Molise,Sud,Infanzia,Non Metropolitano,Infanzia,Via Regina Margherita,86022,cbic827007@istruzione.it,cbic827007@pec.istruzione.it,www.icbarone.edu.it,Statale,ok,analysis_results/CBAA82709C_PTOF_analysis.json,1,3,3,3,3,3,3,4,3,3,5,4,4,4,4,4,3,4,5,4,3,3,4,4,3,3.0,3.75,4.0,4.0,3.4,17,5,3.63,41.67663217,14.62117165
TVPSIL5006,Galilei-Lic.Scientifico-Ind. Sportivo,San Biagio Di Callalta,Treviso,Veneto,Nord Est,"Liceo, Professionale, Tecnico",Non Metropolitano,II Grado,Via Milano 1/B,31048,segreteria@istitutoparitariogalilei.it,istitutoparitariogalilei@pec.it,www.istitutoparitariogalilei.it,Paritaria,ok,analysis_results/TVPSIL5006_PTOF_analysis.json,1,5,5,6,4,5,5,4,4,5,6,5,6,5,2,5,5,3,2,5,3,6,0,5,0,5.0,4.75,4.6,3.75,4.67,12,10,4.55,45.68476004,12.37749251
VAAA842018,Sc. Infanzia Mazzucchelli A. F.,Castiglione Olona,Varese,Lombardia,Nord Ovest,Infanzia,Non Metropolitano,Infanzia,Via Boccaccio 23,21043,vaic84200b@istruzione.it,vaic84200b@pec.istruzione.it,www.iccastiglioneolona.edu.it,Statale,ok,analysis_results/VAAA842018_PTOF_analysis.json,1,5,5,5,3,5,4,4,5,1,4,4,5,4,2,5,5,4,4,4,4,6,5,3,5,4.4,3.5,4.0,4.25,4.6,8,8,4.15,45.75638484,8.86808089
RMIS01600N,Via Delle Sette Chiese 259,Roma,Roma,Lazio,Centro,Liceo,Metropolitano,II Grado,Via Delle Sette Chiese 259,00147,rmis01600n@istruzione.it,rmis01600n@pec.istruzione.it,www.ist7chiese.edu.it,Statale,ok,analysis_results/RMIS01600N_PTOF_analysis.json,1,5,5,5,5,5,5,7,6,1,5,6,5,5,0,7,6,6,6,5,6,6,4,2,5,5.0,4.75,5.75,5.75,4.6,15,4,5.17,41.89277044,12.48366723
PATDEE500L,Liceo Statale Niccolo' Machiavelli,Roma,Roma,Lazio,Centro,Liceo,Metropolitano,II Grado,Piazza Indipendenza 7,00185,rmis026008@istruzione.it,rmis026008@pec.istruzione.it,www.ismachiavelli.eu,Statale,ok,analysis_results/PATDEE500L_PTOF_analysis.json,1,6,5,5,6,6,5,6,6,4,6,0,5,6,5,6,5,6,5,5,6,6,3,5,5,5.4,5.5,5.5,5.25,5.0,8,2,5.33,41.89277044,12.48366723
MEIS03700V,"I.I.S. ""A.M.Jaci - Caio Duilio""",Messina,Messina,Sicilia,Isole,Tecnico,Metropolitano,II Grado,Via Cesare Battisti 88,98122,meis03700v@istruzione.it,meis03700v@pec.istruzione.it,jaci.edu.it,Statale,ok,analysis_results/MEIS03700V_PTOF_analysis.json,1,5,4,3,4,4,4,5,5,3,4,5,4,4,3,5,4,5,4,5,4,4,2,5,4,3.8,4.25,4.2,4.5,3.8,19,19,4.11,38.19395841,15.55572383
TRMM045005,"Terni ""L. Da Vinci E O. Nucula""",Terni,Terni,Umbria,Centro,I Grado,Non Metropolitano,I Grado,Via Luigi Lanzi N. 15,05100,trmm045005@istruzione.it,trmm045005@pec.istruzione.it,www.leora.edu.it,Statale,ok,analysis_results/TRMM045005_PTOF_analysis.json,1,5,4,4,5,5,4,4,5,3,4,5,4,6,5,5,4,4,4,3,5,5,3,4,5,4.4,4.0,5.0,3.75,4.4,28,8,4.31,42.56071258,12.64668751
CSEE8AJ06X,Bisignano-Campo Sportivo,Bisignano,Cosenza,Calabria,Sud,"I Grado, Primaria",Non Metropolitano,"I Grado, Primaria",C.So Italia 72,87043,csic8aj00l@istruzione.it,csic8aj00l@pec.istruzione.it,www.icpucciano.it,Statale,ok,analysis_results/CSEE8AJ06X_PTOF_analysis.json,1,5,4,4,3,5,4,5,5,5,5,5,5,5,3,5,3,4,5,6,5,5,5,4,5,4.0,5.0,4.6,4.5,4.8,5,17,4.58,39.5126271,16.28652064
CAEE89005A,Via Perra,Sinnai,Cagliari,Sardegna,Isole,Primaria,Metropolitano,Primaria,Via Perra,09048,caic890004@istruzione.it,caic890004@pec.istruzione.it,www.icsinnaiuno.it,Statale,ok,analysis_results/CAEE89005A_PTOF_analysis.json,0,2,3,3,2,4,3,5,3,2,3,3,3,4,2,5,4,3,2,4,4,5,3,3,5,3.0,3.25,3.4,3.25,4.0,7,8,3.38,39.29749167,9.20553239
MOIC84900D,2 I.C. Ravarino,Ravarino,Modena,Emilia Romagna,Nord Est,"I Grado, Infanzia, Primaria",Non Metropolitano,"Comprensivo, I Grado, Infanzia, Primaria",Via Roma 129,41017,moic84900d@istruzione.it,moic84900d@pec.istruzione.it,https://ic2ravarino.edu.it/,Statale,ok,analysis_results/MOIC84900D_PTOF_analysis.json,1,6,5,5,5,6,6,6,6,4,5,6,5,6,5,6,5,6,5,5,6,6,4,5,6,5.4,5.25,5.6,5.25,5.4,26,5,5.38,44.72446933,11.09999795
BOIS02700V,I.I.S. Crescenzi-Pacinotti-Sirani,Bologna,Bologna,Emilia Romagna,Nord Est,Tecnico,Metropolitano,II Grado,Via Saragozza 9,40123,bois02700v@istruzione.it,bois02700v@pec.istruzione.it,https//www.crescenzipacinottisirani.edu.it/pvw/app/boii0008/pvw_sito.php,Statale,ok,analysis_results/BOIS02700V_PTOF_analysis.json,1,4,4,4,3,5,5,5,3,4,5,0,0,0,0,0,6,6,5,5,5,6,3,5,5,4.2,4.25,0.0,5.5,4.8,25,15,4.69,44.4943668,11.3417208
LOTF003017,A.Cesaris,Casalpusterlengo,Lodi,Lombardia,Nord Ovest,Tecnico,Non Metropolitano,II Grado,Via Cadorna,26841,lois00300p@istruzione.it,lois00300p@pec.istruzione.it,www.cesaris.edu.it,Statale,ok,analysis_results/LOTF003017_PTOF_analysis.json,1,5,4,4,3,5,4,4,5,5,4,3,4,3,3,4,4,3,5,4,3,3,6,3,3,4.0,4.5,3.4,4.0,3.6,8,8,3.9,45.17779667,9.65107115
SRPS150012,Canicattini Bagni,Canicattini Bagni,Siracusa,Sicilia,Isole,Liceo,Non Metropolitano,II Grado,Via Messina N.25,96010,srps150001@istruzione.it,ND,www.liceofloridia.edu.it,Statale,ok,analysis_results/SRPS150012_PTOF_analysis.json,1,5,3,4,5,5,4,4,5,4,4,4,5,4,3,5,5,5,5,3,6,5,4,3,5,4.2,4.25,4.2,4.5,4.6,12,8,4.35,37.03498945,15.06173869
NAEE8G1015,Pomigliano 1 - Salvo D'Acquisto,Pomigliano D'Arco,Napoli,Campania,Sud,Primaria,Metropolitano,Primaria,Via Indipendenza N.1,80038,naic8g1003@istruzione.it,naic8g1003@pec.istruzione.it,www.ic1dacquistoleone.edu.it,Statale,ok,analysis_results/NAEE8G1015_PTOF_analysis.json,1,4,4,4,4,4,4,5,5,4,4,5,4,5,3,5,5,4,4,3,5,6,3,5,4,4.0,4.5,4.4,4.0,4.6,38,8,4.3,40.90689555,14.39335586
NA1M032002,Ente Religioso Sacro Cuore Betlemite,Napoli,Napoli,Campania,Sud,I Grado,Metropolitano,I Grado,Via B.Cavallino 53/A,80128,betlemitenapoli@gmail.com,ND,www.betlemitenapoli.it,Paritaria,ok,analysis_results/NA1M032002_PTOF_analysis.json,0,2,3,3,3,1,1,3,3,1,3,1,3,3,1,3,2,3,2,3,2,3,2,2,2,2.2,2.5,2.2,2.5,2.2,0,0,2.32,40.83956554,14.25085002
BAAA83103A,C.Da Trito,Locorotondo,Bari,Puglia,Sud,Infanzia,Metropolitano,Infanzia,C.Da Trito,70010,baic83100b@istruzione.it,baic83100b@pec.istruzione.it,www.icmarconioliva.edu.it,Statale,ok,analysis_results/BAAA83103A_PTOF_analysis.json,1,3,5,5,4,4,5,4,5,2,4,4,5,5,4,5,6,5,4,5,4,5,3,4,5,4.6,3.75,4.6,5.0,4.2,10,16,4.43,40.75237666,17.32662454
PVIS01600V,Iis Galilei Voghera,Voghera,Pavia,Lombardia,Nord Ovest,Liceo,Non Metropolitano,II Grado,Via Foscolo 15,27058,pvis01600v@istruzione.it,pvis01600v@pec.istruzione.it,www.liceogalileivoghera.edu.it,Statale,ok,analysis_results/PVIS01600V_PTOF_analysis.json,1,5,4,4,4,5,4,5,5,3,4,4,5,4,3,5,6,6,4,5,6,6,4,5,5,4.2,4.25,4.2,5.25,5.2,15,17,4.62,44.99312509,9.00852362
FGIC86200B,"I.C. ""G. Catalano - Moscati""",Foggia,Foggia,Puglia,Sud,Infanzia,Non Metropolitano,Infanzia,Via M. Altamura - Parco San Felice,71122,fgic86200b@istruzione.it,fgic86200b@pec.istruzione.it,www.iccatalanomoscati.edu.it,Statale,ok,analysis_results/FGIC86200B_PTOF_analysis.json,1,2,3,5,3,5,3,5,4,3,5,5,5,5,4,5,5,5,5,5,5,5,4,4,5,3.8,4.25,4.8,5.0,4.6,32,12,4.49,41.46226862,15.54305185
FRPC02500X,S.Bernardo,Veroli,Frosinone,Lazio,Centro,Primaria,Non Metropolitano,II Grado,Abbazia Di Casamari,03029,istitutosanbernardo@gmail.com,istitutosanbernardo@pec.it,www.istitutosanbernardo.it,Paritaria,ok,analysis_results/FRPC02500X_PTOF_analysis.json,1,2,5,5,5,6,6,6,6,6,6,5,6,5,4,5,5,4,4,6,5,6,3,4,4,5.4,6.0,5.0,4.75,4.4,26,10,5.11,41.69100425,13.41787776
ALTF080003,Ascanio Sobrero,Casale Monferrato,Alessandria,Piemonte,Nord Ovest,Tecnico,Non Metropolitano,II Grado,Via Candiani D'Olivola 19,15033,altf080003@istruzione.it,altf080003@pec.istruzione.it,www.sobrero.edu.it,Statale,ok,analysis_results/ALTF080003_PTOF_analysis.json,0,3,3,3,2,4,4,2,5,1,5,2,3,1,1,1,4,4,2,3,3,4,1,1,5,3.2,3.25,1.6,3.25,2.8,6,3,2.82,45.13502772,8.45260603
ME1A14100N,S. Ignazio,Messina,Messina,Sicilia,Isole,Infanzia,Metropolitano,Infanzia,Via Ignatianum 23,98121,amministrazione@collegiosignazio.it,signazio@legalmail.it,www.collegiosignazio.it,Paritaria,ok,analysis_results/ME1A14100N_PTOF_analysis.json,1,5,5,5,4,5,5,5,6,3,5,5,3,5,4,5,5,4,5,5,5,5,4,5,5,4.8,4.75,4.4,4.75,4.8,3,6,4.7,38.19395841,15.55572383
BRMM07900G,"Iss_Cpia Br""Anna Lorenzetto""",Brindisi,Brindisi,Puglia,Sud,I Grado,Non Metropolitano,I Grado,Via Vittorio Veneto 13 - Piano Terra,72100,brmm07900g@istruzione.it,brmm07900g@pec.istruzione.it,www.cpiabrindisi.edu.it,Statale,ok,analysis_results/BRMM07900G_PTOF_analysis.json,1,5,4,4,5,4,5,5,6,4,6,5,4,4,3,5,5,4,4,4,5,6,3,4,5,4.4,5.25,4.2,4.25,4.6,39,16,4.54,40.63848508,17.94602372
SATE06901B,Itas S.Caterina Da Siena Salerno,Salerno,Salerno,Campania,Sud,"Professionale, Tecnico",Non Metropolitano,II Grado,Via Lazzarelli,84100,sais06900n@istruzione.it,sais06900n@pec.istruzione.it,www.santacaterina-amendola.edu.it,Statale,ok,analysis_results/SATE06901B_PTOF_analysis.json,1,5,5,5,5,5,5,7,5,5,5,0,0,0,0,0,5,7,5,6,5,6,3,5,5,5.0,5.5,0.0,5.75,4.8,7,5,5.26,40.67821959,14.75940296
PRIS00200Q,"I.S.I.S.S. ""Galilei-Bocchialini""",San Secondo Parmense,Parma,Emilia Romagna,Nord Est,Tecnico,Non Metropolitano,II Grado,Via Martiri Di Cefalonia 14,43017,pris00200q@istruzione.it,pris00200q@pec.istruzione.it,www.poloagroindustriale.edu.it,Statale,ok,analysis_results/PRIS00200Q_PTOF_analysis.json,1,3,4,4,3,5,4,5,5,2,5,5,5,4,5,5,6,4,4,5,5,6,3,4,5,4.0,4.25,4.8,4.75,4.6,18,15,4.48,44.91915259,10.22690616
OREE82805P,"Montresta ""Remundu Piras""",Montresta,Oristano,Sardegna,Isole,Primaria,Non Metropolitano,Primaria,Via Roma 34,08010,oric82800c@istruzione.it,ND,www.istitutocomprensivobosa.it,Statale,ok,analysis_results/OREE82805P_PTOF_analysis.json,0,0,3,3,2,0,2,4,5,1,3,5,3,4,2,4,3,4,0,3,3,4,2,1,3,2.5,3.25,3.6,3.33,2.6,1,1,3.06,40.3737132,8.49987434
GEIS01400Q,I.S. I. Calvino,Genova,Genova,Liguria,Nord Ovest,Liceo,Metropolitano,II Grado,Via Borzoli 21,16153,geis01400q@istruzione.it,geis01400q@pec.istruzione.it,www.calvino.edu.it,Statale,ok,analysis_results/GEIS01400Q_PTOF_analysis.json,1,5,4,4,4,5,5,5,5,5,5,6,5,6,4,6,2,2,5,4,4,5,5,4,5,4.4,5.0,5.4,3.25,4.6,31,25,4.53,44.41149314,8.9326992
FGAA85802N,Via Ponte Capo',Orsara Di Puglia,Foggia,Puglia,Sud,Infanzia,Non Metropolitano,Infanzia,Via Ponte Capo',71027,fgic85800q@istruzione.it,fgic85800q@pec.istruzione.it,www.virgiliotroia.it,Statale,ok,analysis_results/FGAA85802N_PTOF_analysis.json,1,4,4,4,3,3,3,5,4,5,3,4,4,4,6,5,5,5,3,5,4,5,4,4,4,3.4,4.25,4.6,4.5,4.2,17,8,4.19,41.28114863,15.26580826
BGPS02000G,"""Filippo Lussana""",Bergamo,Bergamo,Lombardia,Nord Ovest,Liceo,Non Metropolitano,II Grado,Via Angelo May1,24121,bgps02000g@istruzione.it,bgps02000g@pec.istruzione.it,www.liceolussana.edu.it,Statale,ok,analysis_results/BGPS02000G_PTOF_analysis.json,1,5,4,4,5,5,4,4,5,3,4,5,5,5,4,4,5,4,3,4,5,5,3,5,5,4.4,4.0,4.6,4.0,4.6,22,8,4.32,45.69441368,9.66842453
AGPC010001,Liceo Classico - Empedocle,Agrigento,Agrigento,Sicilia,Isole,Liceo,Non Metropolitano,II Grado,Via Empedocle 169,92100,agpc010001@istruzione.it,agpc010001@pec.istruzione.it,www.liceoempedocle.edu.it,Statale,ok,analysis_results/AGPC010001_PTOF_analysis.json,1,5,5,4,4,5,5,6,5,0,6,4,5,4,4,5,6,4,4,4,6,6,2,4,4,4.6,5.67,4.4,4.5,4.4,27,6,4.71,37.30971088,13.58457496
TVMM83401X,"Sms ""M.Polo"" Silea (I.C.)",Silea,Treviso,Veneto,Nord Est,I Grado,Non Metropolitano,I Grado,Via Tezze N. 3,31057,tvic83400v@istruzione.it,ND,www.icsilea.edu.it,Statale,ok,analysis_results/TVMM83401X_PTOF_analysis.json,0,2,1,1,1,2,1,1,2,1,1,1,1,1,1,1,1,1,1,1,1,1,1,1,1,1.2,1.25,1.0,1.0,1.0,3,0,1.09,45.65505223,12.29875466
VIPS08000D,"L.S. ""Da Vinci"" Arzignano",Arzignano,Vicenza,Veneto,Nord Est,Liceo,Non Metropolitano,II Grado,Via Fortis 3,36071,vips08000d@istruzione.it,vips08000d@pec.istruzione.it,www.chilesotti.gov.it,Statale,ok,analysis_results/VIPS08000D_PTOF_analysis.json,1,2,3,3,4,5,5,5,5,3,5,3,4,4,2,3,5,3,3,5,2,2,3,5,5,4.0,4.5,3.2,4.0,3.4,21,21,3.82,45.52104336,11.33227401
TAIC829004,"I.C. ""G. Salvemini""",Taranto,Taranto,Puglia,Sud,Infanzia,Non Metropolitano,Infanzia,Via Gregorio Vii S.N.,74122,taic829004@istruzione.it,taic829004@pec.istruzione.it,www.icsalveminitaranto.edu.it,Statale,ok,analysis_results/TAIC829004_PTOF_analysis.json,1,3,3,3,4,4,2,4,5,2,4,4,4,5,3,5,6,4,3,5,4,5,3,3,5,3.2,3.75,4.2,4.5,4.0,15,15,3.93,40.47354719,17.23237621
AQIS01800Q,"I.I.S ""A. Bafile""",L'Aquila,L'Aquila,Abruzzo,Sud,I Grado,Non Metropolitano,II Grado,Via Acquasanta N. 16,67100,aqis01800q@istruzione.it,aqis01800q@pec.istruzione.it,www.iisbafile.edu.it,Statale,ok,analysis_results/AQIS01800Q_PTOF_analysis.json,1,6,5,5,4,5,4,4,4,4,5,4,5,5,5,5,2,4,5,3,5,2,2,4,4,4.6,4.25,4.8,3.5,3.4,24,21,4.11,42.35122195,13.39843828
PZTF02202T,"I.T.T. ""Einst.-De Lor."" Sez.Itis Potenza",Potenza,Potenza,Basilicata,Sud,Tecnico,Non Metropolitano,II Grado,Via R.Danzi,85100,pzis022008@istruzione.it,pzis022008@pec.istruzione.it,www.itigeopz.edu.it,Statale,ok,analysis_results/PZTF02202T_PTOF_analysis.json,1,5,5,4,3,5,4,4,5,4,5,4,5,4,4,5,6,3,4,5,4,5,4,4,4,4.2,4.5,4.4,4.5,4.2,23,19,4.36,40.63947047,15.8051495
NAPS36000R,"L.Scient.""Carlo Urbani""San Giorgio A Cr.",San Giorgio A Cremano,Napoli,Campania,Sud,Liceo,Metropolitano,II Grado,Via Buongiovanni N.77,80046,naps36000r@istruzione.it,naps36000r@pec.istruzione.it,www.liceourbani.edu.it,Statale,ok,analysis_results/NAPS36000R_PTOF_analysis.json,1,5,4,4,5,4,4,5,6,4,5,5,5,6,0,5,5,5,5,5,5,5,3,5,5,4.2,5.0,5.25,5.0,4.6,8,5,4.81,40.82921168,14.33392579
LEIC887006,I.C. Galatina Polo 1,Galatina,Lecce,Puglia,Sud,Infanzia,Non Metropolitano,Infanzia,P.Zza Cesari 14,73013,leic887006@istruzione.it,leic887006@pec.istruzione.it,www.primopologalatina.edu.it,Statale,ok,analysis_results/LEIC887006_PTOF_analysis.json,1,4,3,3,4,2,3,3,4,1,5,2,3,4,2,5,3,5,2,4,5,6,2,3,4,3.0,3.25,3.2,3.5,4.0,3,3,3.39,40.1739561,18.17227503
RMMM856011,Cervi F.Lli,Roma,Roma,Lazio,Centro,I Grado,Metropolitano,I Grado,Via Casetta Mattei 279,00148,rmic85600x@istruzione.it,ND,www.scuolafratellicervi.edu.it,Statale,ok,analysis_results/RMMM856011_PTOF_analysis.json,0,3,3,3,5,3,3,5,4,4,4,4,3,5,6,5,4,5,5,4,4,5,5,3,4,3.4,4.25,4.6,4.5,4.2,33,9,4.19,41.89277044,12.48366723
CTIS04300B,Marconi-Mangano,Catania,Catania,Sicilia,Isole,"Professionale, Tecnico",Metropolitano,II Grado,Via Vescovo Maurizio 82,95126,ctis04300b@istruzione.it,ctis04300b@pec.istruzione.it,www.iismarconi-mangano.edu.it,Statale,ok,analysis_results/CTIS04300B_PTOF_analysis.json,1,2,4,4,5,5,5,6,5,4,5,5,4,5,4,5,6,5,4,5,5,5,3,4,6,4.6,5.0,4.6,5.0,4.6,16,5,4.76,37.50287801,15.08704738
TPAA81501X,"Plesso ""Nino Atria""",Castelvetrano,Trapani,Sicilia,Isole,Infanzia,Non Metropolitano,Infanzia,Via Trapani,91022,tpic815003@istruzione.it,tpic815003@pec.istruzione.it,www.iccapuanapardo.edu.it,Statale,ok,analysis_results/TPAA81501X_PTOF_analysis.json,1,5,4,4,3,4,4,3,5,2,4,4,4,4,3,5,5,4,3,5,5,5,4,4,5,3.8,3.5,4.0,4.25,4.6,34,13,4.03,37.67916124,12.79163803
SAMM8AH01N,"Roccadaspide ""D.Alighieri""",Roccadaspide,Salerno,Campania,Sud,I Grado,Non Metropolitano,I Grado,Piazzale Della Civilta',84069,saic8ah00l@istruzione.it,ND,http//www.istitutocomprensivoroccadaspide.gov.it,Statale,ok,analysis_results/SAMM8AH01N_PTOF_analysis.json,0,1,3,3,2,3,2,2,2,1,3,2,2,2,1,3,3,4,2,3,3,3,2,2,2,2.6,2.0,2.0,3.0,2.4,3,1,2.4,40.42604608,15.19428476
COTD01000G,Caio Plinio Secondo,Como,Como,Lombardia,Nord Ovest,Tecnico,Non Metropolitano,II Grado,Via Italia Libera 1,22100,cotd01000g@istruzione.it,cotd01000g@pec.istruzione.it,www.caioplinio.edu.it,Statale,ok,analysis_results/COTD01000G_PTOF_analysis.json,1,5,4,4,5,4,4,5,3,5,5,5,5,4,4,5,5,4,4,3,5,5,3,5,5,4.2,4.5,4.6,4.0,4.6,13,8,4.38,45.8099912,9.08515955
LEIC8AB00R,I.C. Ugento,Ugento,Lecce,Puglia,Sud,"I Grado, Infanzia, Primaria, Tecnico",Non Metropolitano,"Comprensivo, I Grado, II Grado, Infanzia, Primaria",Via Goldoni,73059,leic8ab00r@istruzione.it,leic8ab00r@pec.istruzione.it,www.icugento.edu.it,Statale,ok,analysis_results/LEIC8AB00R_PTOF_analysis.json,0,2,3,3,4,4,2,5,5,1,1,4,3,5,3,5,5,5,3,4,5,6,3,3,5,3.2,3.0,4.0,4.25,4.4,22,8,3.77,39.92856835,18.16167767
RMPL355003,L.Ling. Mons. Tozzi,Roma,Roma,Lazio,Centro,Liceo,Metropolitano,II Grado,V.Casaletto 35,00151,tozzist@tin.it,ND,www.istitutotozzi.it,Paritaria,ok,analysis_results/RMPL355003_PTOF_analysis.json,1,6,5,5,4,6,5,4,5,3,6,5,5,6,5,6,5,5,3,4,5,6,2,4,6,5.0,4.5,5.4,4.25,4.6,18,11,4.75,41.89277044,12.48366723
PZMM88301L,"I Grado ""A.Busciolano"" Pz",Potenza,Potenza,Basilicata,Sud,I Grado,Non Metropolitano,I Grado,Via Sicilia 11,85100,pzic88300g@istruzione.it,pzic88300g@pec.istruzione.it,www.icbusciolano.edu.it,Statale,ok,analysis_results/PZMM88301L_PTOF_analysis.json,0,3,3,3,3,4,3,5,5,4,3,4,4,5,3,5,5,4,5,5,5,5,3,3,4,3.2,4.25,4.2,4.75,4.0,27,10,4.08,40.63947047,15.8051495
MIRFHT500U,Barbara Melzi,Legnano,Milano,Lombardia,Nord Ovest,Infanzia,Metropolitano,II Grado,Corso Sempione 102,20025,canlegmi@fdcc.org,ND,www.istitutobarbaramelzi.it,Paritaria,ok,analysis_results/MIRFHT500U_PTOF_analysis.json,1,5,4,4,5,5,5,4,5,4,4,4,5,5,3,4,5,6,4,4,6,6,5,4,6,4.6,4.25,4.2,4.75,5.4,17,10,4.64,45.59413716,8.91854994
PAIC87200Q,I.C. Padre Puglisi - Orestano,Palermo,Palermo,Sicilia,Isole,Infanzia,Metropolitano,Infanzia,Via Panzera28,90124,paic87200q@istruzione.it,paic87200q@pec.istruzione.it,www.icspuglisi.edu.it,Statale,ok,analysis_results/PAIC87200Q_PTOF_analysis.json,1,2,4,4,2,4,4,5,5,4,5,5,5,5,4,5,5,5,4,5,4,5,3,4,4,3.6,4.75,4.8,4.75,4.0,18,10,4.38,38.11569725,13.36235675
AQPS019012,"""Enrico Fermi""",Sulmona,L'Aquila,Abruzzo,Sud,Liceo,Non Metropolitano,II Grado,Via Togliatti,67039,aqis01900g@istruzione.it,aqis01900g@pec.istruzione.it,www.iisfermisulmona.it,Statale,ok,analysis_results/AQPS019012_PTOF_analysis.json,1,5,4,4,4,5,5,5,5,3,5,5,5,5,4,5,5,5,4,5,5,5,4,5,4,4.4,4.5,4.8,4.75,4.6,17,11,4.61,42.04780655,13.92405522
LUMM84201B,"Sec. I Grado ""I. Calvino""",Montecarlo,Lucca,Toscana,Centro,I Grado,Non Metropolitano,I Grado,Via Di S. Giuseppe 27,55015,luic84200a@istruzione.it,ND,www.icmontecarlo.edu.it,Statale,ok,analysis_results/LUMM84201B_PTOF_analysis.json,0,3,3,3,2,4,3,3,4,2,3,4,3,5,2,5,3,5,4,4,3,4,2,3,3,3.0,3.0,3.8,4.0,3.0,13,6,3.36,43.85036404,10.6685708
RIPS00801E,Liceo Scientifico,Poggio Mirteto,Rieti,Lazio,Centro,Liceo,Non Metropolitano,II Grado,Via Giuseppe Felici,02047,riis008004@istruzione.it,riis008004@pec.istruzione.it,www.iisgregoriodacatino.edu.it,Statale,ok,analysis_results/RIPS00801E_PTOF_analysis.json,0,5,3,3,3,4,3,5,3,4,4,3,3,4,2,5,4,5,3,4,3,4,2,4,4,3.2,4.0,3.4,4.0,3.4,16,22,3.6,42.26459033,12.68365453
LTAA84504A,Piazza Dante,Latina,Latina,Lazio,Centro,Infanzia,Non Metropolitano,Infanzia,Piazza Dante,04100,ltic84500a@istruzione.it,ltic84500a@pec.istruzione.it,www.icvoltalatina.edu.it,Statale,ok,analysis_results/LTAA84504A_PTOF_analysis.json,0,2,3,3,3,3,3,3,4,3,3,3,3,2,1,4,3,3,2,4,3,5,2,3,3,3.0,3.25,2.6,3.0,3.2,10,11,3.01,41.46759464,12.90368485
LEPC13000N,"Liceo ""Virgilio-Redi""",Lecce,Lecce,Puglia,Sud,Liceo,Non Metropolitano,II Grado,Via Galileo Galilei 4,73100,lepc13000n@istruzione.it,lepc13000n@pec.istruzione.it,https://www.liceovirgilio.edu.it/,Statale,ok,analysis_results/LEPC13000N_PTOF_analysis.json,1,2,5,4,4,6,5,5,5,2,5,5,6,5,5,5,5,5,6,5,6,5,2,4,4,4.8,4.25,5.2,5.25,4.2,6,3,4.74,40.35354239,18.17190671
BSPS00601V,"(Sez. Ass. I.S. ""Carlo Beretta"")",Gardone Val Trompia,Brescia,Lombardia,Nord Ovest,Liceo,Non Metropolitano,II Grado,Via Mazzini N. 19,25063,bsis00600c@istruzione.it,ND,www.iiscberetta.edu.it,Statale,ok,analysis_results/BSPS00601V_PTOF_analysis.json,1,5,3,4,5,5,4,5,6,4,5,4,5,4,3,5,4,6,3,5,4,5,3,4,4,4.2,5.0,4.2,4.5,4.0,16,5,4.38,45.68909413,10.18222299
TPTD00251R,Ist.Tec. Econ. -Perc. Ii Livello -Salemi,Salemi,Trapani,Sicilia,Isole,Tecnico,Non Metropolitano,II Grado,Via San Leonardo S.N.C.,91018,tpis002005@istruzione.it,tpis002005@pec.istruzione.it,www.istitutodaguirre.edu.it,Statale,ok,analysis_results/TPTD00251R_PTOF_analysis.json,1,3,3,3,3,4,4,3,5,3,3,3,3,3,2,4,4,5,3,3,3,3,2,3,4,3.4,3.5,3.0,3.75,3.0,11,10,3.33,37.81600398,12.80150907
RMIS09400V,Pacinotti - Archimede,Roma,Roma,Lazio,Centro,Liceo,Metropolitano,II Grado,Via Montaione 15,00139,rmis09400v@istruzione.it,rmis09400v@pec.istruzione.it,www.pacinottiarchomede.edu.it,Statale,ok,analysis_results/RMIS09400V_PTOF_analysis.json,1,5,4,4,4,5,5,5,5,4,5,5,4,5,3,5,5,4,4,5,4,6,4,4,4,4.4,4.75,4.4,4.5,4.4,27,14,4.49,41.89277044,12.48366723
AGPM02101L,Im Francesco Crispi,Ribera,Agrigento,Sicilia,Isole,Liceo,Non Metropolitano,II Grado,Piazza Zamenhof 1,92016,agis021005@istruzione.it,agis021005@pec.istruzione.it,www.istitutosuperiorecrispiribera.edu.it,Statale,ok,analysis_results/AGPM02101L_PTOF_analysis.json,1,5,4,4,4,5,4,6,5,5,5,5,5,5,5,6,5,4,5,5,5,5,3,4,5,4.2,5.25,5.2,4.75,4.4,32,15,4.76,37.50382096,13.2686576
BAAA831029,C.Da S.Marco,Locorotondo,Bari,Puglia,Sud,Infanzia,Metropolitano,Infanzia,S.P. 162 Contrada San Marco 63,70010,baic83100b@istruzione.it,baic83100b@pec.istruzione.it,www.icmarconioliva.edu.it,Statale,ok,analysis_results/BAAA831029_PTOF_analysis.json,1,5,5,5,3,5,5,4,5,0,7,4,5,5,5,5,7,5,6,5,5,5,3,4,4,4.6,5.33,4.8,5.75,4.2,18,19,4.94,40.75237666,17.32662454
SSAA813032,Scuola Dell'Infanzia,Tissi,Sassari,Sardegna,Isole,Infanzia,Non Metropolitano,Infanzia,Via Spina Santa,07040,ssic813003@istruzione.it,ssic813003@pec.istruzione.it,www.icantoniogramsciossi.it,Statale,ok,analysis_results/SSAA813032_PTOF_analysis.json,0,4,3,3,3,4,5,5,5,5,4,5,3,4,3,4,5,5,3,5,4,5,4,4,4,3.6,4.75,3.8,4.5,4.2,23,14,4.17,40.67874659,8.56237292
MIEE8EU01T,Primaria M.Galli,Sesto San Giovanni,Milano,Lombardia,Nord Ovest,Primaria,Metropolitano,Primaria,Via Podgora 161,20099,miic8eu00q@istruzione.it,miic8eu00q@pec.istruzione.it,www.icbredasesto.edu.it,Statale,ok,analysis_results/MIEE8EU01T_PTOF_analysis.json,0,5,4,4,5,5,4,3,5,1,3,5,4,4,3,3,4,5,5,4,4,5,3,3,4,4.4,3.0,3.8,4.5,3.8,10,10,3.9,45.53352962,9.23651246
PEAA822012,Loreto Aprutino - Cappuccini,Loreto Aprutino,Pescara,Abruzzo,Sud,Infanzia,Non Metropolitano,Infanzia,Via D. Chiarelli 1,65014,peic822005@istruzione.it,ND,www.istitutocomprensivodiloretoaprutino.edu.it,Statale,ok,analysis_results/PEAA822012_PTOF_analysis.json,1,5,4,4,4,4,3,5,4,1,4,5,4,5,3,6,5,5,3,5,4,5,3,3,4,3.8,3.5,4.6,4.5,3.8,26,20,4.04,42.43234542,13.98748336
TPAA807022,"Scuola Infanzia ""Montessori""",Santa Ninfa,Trapani,Sicilia,Isole,"I Grado, Infanzia, Primaria",Non Metropolitano,"Comprensivo, I Grado, Infanzia, Primaria",Piazza Colaianni S.N.C.,91029,tpic807004@istruzione.it,tpic807004@pec.istruzione.it,www.icluigicapuana.edu.it,Statale,ok,analysis_results/TPAA807022_PTOF_analysis.json,1,4,3,3,4,4,4,4,5,1,3,4,4,5,3,5,4,5,3,4,3,3,2,3,3,3.6,3.25,4.2,4.0,2.8,9,10,3.57,37.77382222,12.88021819
SRIC823006,"I I.C. ""Pirandello"" Carlentini",Carlentini,Siracusa,Sicilia,Isole,Infanzia,Non Metropolitano,Infanzia,Via P. Nenni 3,96013,sric823006@istruzione.it,sric823006@pec.istruzione.it,www.1comprcarlentinipirandello.edu.it,Statale,ok,analysis_results/SRIC823006_PTOF_analysis.json,1,4,3,4,3,4,3,5,4,4,4,4,4,4,5,5,4,4,3,4,5,5,4,3,4,3.4,4.25,4.4,3.75,4.2,10,18,4.0,37.27597703,15.0147705
UD1M00600L,Scuola Secondaria I Grado Paritaria G. Bearzi,Udine,Udine,Friuli-Venezia G.,Nord Est,I Grado,Non Metropolitano,I Grado,Via Don Bosco 2,33100,scuola.secondaria@bearzi.it,pec@pec.bearzi.it,www.bearzi.it,Paritaria,ok,analysis_results/UD1M00600L_PTOF_analysis.json,1,5,4,4,5,3,4,3,4,2,4,4,5,6,3,5,4,5,3,4,5,6,4,4,5,4.0,3.25,4.6,4.0,4.8,5,8,4.13,46.06255516,13.23483835
LETL04201D,"I.T.G. ""G. Galilei"" Lecce",Lecce,Lecce,Puglia,Sud,Tecnico,Non Metropolitano,II Grado,Piazza Palio,73100,leis04200r@istruzione.it,leis04200r@pec.istruzione.it,www.galileicostascarambone.edu.it,Statale,ok,analysis_results/LETL04201D_PTOF_analysis.json,1,3,5,5,5,5,5,4,5,4,4,5,5,3,4,4,2,4,4,5,5,5,3,4,5,5.0,4.25,4.2,3.75,4.4,18,18,4.32,40.35354239,18.17190671
MNEE83603V,"""De Amicis""",Mantova,Mantova,Lombardia,Nord Ovest,Primaria,Non Metropolitano,Primaria,Via Indipendenza 49,46100,mnic83600p@istruzione.it,ND,www.icmantova3.edu.it,Statale,ok,analysis_results/MNEE83603V_PTOF_analysis.json,0,0,3,3,2,3,2,5,5,1,4,5,4,5,4,5,4,6,4,5,4,5,3,3,5,2.6,3.75,4.6,4.75,4.0,14,6,3.94,45.15726772,10.79277363
LEMM84302E,G. Macchi Giurdignano,Giurdignano,Lecce,Puglia,Sud,I Grado,Non Metropolitano,I Grado,Via Piave,73020,leic84300c@istruzione.it,leic84300c@pec.istruzione.it,www.comprensivouggiano.edu.it,Statale,ok,analysis_results/LEMM84302E_PTOF_analysis.json,1,4,5,5,5,4,3,5,5,1,5,5,4,5,3,6,5,3,4,5,4,5,3,3,4,4.4,4.0,4.6,4.25,3.8,16,13,4.21,40.12373984,18.43113227
CHIC80700E,"I.C. Fossacesia ""P.D.Pollidori""",Fossacesia,Chieti,Abruzzo,Sud,Infanzia,Non Metropolitano,Infanzia,Piazza Fantini N.1,66022,chic80700e@istruzione.it,chic80700e@pec.istruzione.it,www.icfossacesia.edu.it/site/,Statale,ok,analysis_results/CHIC80700E_PTOF_analysis.json,1,3,3,3,1,5,3,3,5,1,2,5,4,5,3,3,4,5,3,4,3,5,3,1,5,3.0,2.75,4.0,4.0,3.4,11,14,3.43,42.24537842,14.48006072
GEMM83501N,I.C. Pra'-Ex Assarotti,Genova,Genova,Liguria,Nord Ovest,I Grado,Metropolitano,I Grado,Via Branega 10 C,16157,geic83500l@istruzione.it,ND,www.icpra.edu.it,Statale,ok,analysis_results/GEMM83501N_PTOF_analysis.json,1,5,3,3,3,4,3,5,5,4,4,3,4,4,2,4,3,5,5,4,3,5,3,4,5,3.2,4.5,3.4,4.25,4.0,15,13,3.87,44.41149314,8.9326992
LTIC846006,"I. C. ""Emma Castelnuovo""",Latina,Latina,Lazio,Centro,Infanzia,Non Metropolitano,Infanzia,Via Bachelet 5,04100,ltic846006@istruzione.it,ltic846006@pec.istruzione.it,www.ic-emmacastelnuovo-latina.edu.it,Statale,ok,analysis_results/LTIC846006_PTOF_analysis.json,1,5,4,4,4,4,4,5,5,3,4,4,5,5,3,5,5,4,2,5,4,6,4,3,5,4.0,4.25,4.4,4.0,4.4,21,8,4.21,41.46759464,12.90368485
PZIS029003,"I.O. ""E. Majorana"" Genzano Di Lucania",Genzano Di Lucania,Potenza,Basilicata,Sud,Infanzia,Non Metropolitano,II Grado,Via Generale Pennella Snc,85013,pzis029003@istruzione.it,pzis029003@pec.istruzione.it,www.majorangenzano.edu.it,Statale,ok,analysis_results/PZIS029003_PTOF_analysis.json,1,5,3,3,4,4,4,4,5,3,5,4,4,4,4,4,5,4,4,5,4,4,4,4,4,3.6,4.25,4.0,4.5,4.0,8,5,4.07,40.85035736,16.03153721
PAPC030004,Meli,Palermo,Palermo,Sicilia,Isole,Liceo,Metropolitano,II Grado,Via S.Aldisio2,90146,papc030004@istruzione.it,papc030004@pec.istruzione.it,https//www.liceomeli.edu.it/,Statale,ok,analysis_results/PAPC030004_PTOF_analysis.json,1,5,5,5,4,5,5,5,5,4,5,5,5,5,4,6,5,4,4,5,5,6,4,5,5,4.8,4.75,5.0,4.5,5.0,50,9,4.81,38.11569725,13.36235675
BRMM82401B,Sms- A.Manzoni-S.Pancrazio,San Pancrazio Salentino,Brindisi,Puglia,Sud,I Grado,Non Metropolitano,I Grado,Via Cialdini 5,72026,bric82400a@istruzione.it,bric82400a@pec.istruzione.it,www.icsanpancrazio.edu.it,Statale,ok,analysis_results/BRMM82401B_PTOF_analysis.json,1,4,4,4,4,5,4,3,5,3,4,4,5,5,3,4,5,4,4,5,5,5,3,5,5,4.2,3.75,4.2,4.5,4.6,28,14,4.25,40.41722359,17.83834669
AL1M00800P,S.Giovanni Bosco,Alessandria,Alessandria,Piemonte,Nord Ovest,I Grado,Non Metropolitano,I Grado,V.Galvani 3,15121,segreteriaac@fma-ipi.it,alessandriaac@pec.fma-ipi.it,www.scuolangelocustode.it,Paritaria,ok,analysis_results/AL1M00800P_PTOF_analysis.json,0,1,3,3,3,5,1,0,2,1,3,1,3,3,1,3,2,2,2,1,3,4,1,1,3,3.0,2.0,2.2,1.75,2.4,3,2,2.27,44.91297351,8.61540116
PAPS3Q5009,Istituto Gonzaga,Palermo,Palermo,Sicilia,Isole,Infanzia,Metropolitano,II Grado,Via Piersanti Mattarella N. 38-42,90100,segreteria@gonzagapalermo.it,ND,www.gonzagascuola.it,Paritaria,ok,analysis_results/PAPS3Q5009_PTOF_analysis.json,0,2,3,3,3,2,2,1,3,1,3,3,4,4,1,4,5,3,3,4,3,4,3,4,5,2.6,2.0,3.2,3.75,3.8,7,2,3.07,38.11569725,13.36235675
CATF009504,I.T.I. Serale - Serramanna,Serramanna,Sud Sardegna,Sardegna,Isole,Tecnico,Non Metropolitano,II Grado,Via Svezia 10 - Serramanna,09038,cais009007@istruzione.it,ND,www.iisbuonarroti.gov.it,Statale,ok,analysis_results/CATF009504_PTOF_analysis.json,0,2,3,3,2,3,2,3,2,1,3,2,2,2,1,3,3,3,2,3,3,3,2,2,2,2.6,2.25,2.0,2.75,2.4,3,1,2.4,39.42465473,8.92128497
LEEE86401G,Don Bosco,Copertino,Lecce,Puglia,Sud,Primaria,Non Metropolitano,Primaria,Via M. Buonarroti,73043,leic86400d@istruzione.it,leic86400d@pec.istruzione.it,www.comprensivofalconecopertino.it,Statale,ok,analysis_results/LEEE86401G_PTOF_analysis.json,1,4,5,5,4,3,5,4,5,3,3,5,5,4,5,5,6,4,5,6,5,6,4,5,4,4.4,3.75,4.8,5.25,4.8,28,10,4.6,40.27185847,18.04781615
TOIC8A100T,I.C. Vittorino Da Feltre - To,Torino,Torino,Piemonte,Nord Ovest,Infanzia,Metropolitano,Infanzia,Via Finalmarina 5,10126,toic8a100t@istruzione.it,toic8a100t@pec.istruzione.it,www.vittorinodafeltre.it,Statale,ok,analysis_results/TOIC8A100T_PTOF_analysis.json,1,4,3,3,4,4,3,3,4,1,5,4,4,4,3,5,4,4,3,4,4,4,4,3,5,3.4,3.25,4.0,3.75,4.0,14,12,3.68,45.0732745,7.68068748
BO1M00400G,S.Luigi,Bologna,Bologna,Emilia Romagna,Nord Est,I Grado,Metropolitano,I Grado,V.Massimo D'Azeglio 55,40123,segreteria@collegiosluigi.it,amministrazione@pec.collegiosluigi.it,www.collegiosluigi.it,Paritaria,ok,analysis_results/BO1M00400G_PTOF_analysis.json,0,2,3,3,2,3,2,4,5,1,4,3,3,4,2,5,3,3,2,4,3,4,2,1,3,2.6,3.5,3.4,3.0,2.6,3,2,3.02,44.4943668,11.3417208
RCAA84801P,Laureana B.Bellantone V.Sardegn,Laureana Di Borrello,Reggio Calabria,Calabria,Sud,Infanzia,Metropolitano,Infanzia,Via Sardegna,89020,rcic84800t@istruzione.it,rcic84800t@pec.istruzione.it,www.iclaureana.edu.it,Statale,ok,analysis_results/RCAA84801P_PTOF_analysis.json,1,4,5,5,5,5,4,4,5,2,4,4,5,5,3,4,4,2,3,4,5,5,3,4,4,4.8,3.75,4.2,3.25,4.2,13,12,4.04,38.48956467,16.08187729
CAIC8AM00E,Istituto Comprensivo Ugo Foscolo - Via Stoccolma,Cagliari,Cagliari,Sardegna,Isole,"I Grado, Infanzia, Primaria",Metropolitano,"Comprensivo, I Grado, Infanzia, Primaria","Viale Marconi, 82",09129,caic8am00e@istruzione.it,caic8am00e@pec.istruzione.it,www.istruzione.it,Statale,ok,analysis_results/CAIC8AM00E_PTOF_analysis.json,1,5,4,4,4,5,4,5,5,1,4,5,5,6,5,7,5,5,5,5,5,5,3,3,5,4.2,3.75,5.6,5.0,4.2,8,5,4.55,39.21531191,9.11061631
BGPS01301D,"""David Maria Turoldo""",Zogno,Bergamo,Lombardia,Nord Ovest,Liceo,Non Metropolitano,II Grado,Via Ronco 11,24019,bgis013003@istruzione.it,ND,www.istitutoturoldo.edu.it,Statale,ok,analysis_results/BGPS01301D_PTOF_analysis.json,1,5,5,5,4,5,5,5,5,3,4,2,5,5,4,2,5,1,3,5,5,5,3,5,5,4.8,4.25,3.6,3.5,4.6,13,14,4.15,45.7948216,9.66791865
TOIC837002,I.C. Bruino,Bruino,Torino,Piemonte,Nord Ovest,"I Grado, Infanzia, Primaria, Tecnico",Metropolitano,"Comprensivo, I Grado, II Grado, Infanzia, Primaria",Piazza Donatori Di Sangue 1,10090,toic837002@istruzione.it,toic837002@pec.istruzione.it,www.icbruino.edu.it,Statale,ok,analysis_results/TOIC837002_PTOF_analysis.json,0,2,3,3,2,5,2,3,5,1,4,5,4,4,2,5,4,5,4,4,3,5,3,3,4,3.0,3.25,4.0,4.25,3.6,8,12,3.62,45.0202325,7.46769111
CEPS875001,Sacro Cuore Di Maria,Caserta,Caserta,Campania,Sud,"I Grado, Infanzia, Liceo, Primaria",Non Metropolitano,II Grado,Via Don Bosco 34,81100,segreteria@salesianicaserta.org,ND,www.salesianicaserta.com,Paritaria,ok,analysis_results/CEPS875001_PTOF_analysis.json,0,0,3,3,2,2,0,1,3,1,3,3,3,3,2,4,4,3,0,3,3,4,3,3,4,2.5,2.0,3.0,3.33,3.4,6,7,2.85,41.07465878,14.33240485
VR1A23500E,Scuola Materna A.Provolo-Centro Infanzia,Verona,Verona,Veneto,Nord Est,Infanzia,Non Metropolitano,Infanzia,Via Puglie 22 - Chievo,37139,icoloridellamusica@scuolaparitariaprovolo.it,culturavalori@pec.gruppocercate.it,www.scuolaparitariaprovolo.itit,Paritaria,ok,analysis_results/VR1A23500E_PTOF_analysis.json,0,1,2,2,1,1,1,1,3,1,1,1,1,3,1,3,3,5,3,3,1,5,3,1,4,1.4,1.5,1.8,3.5,2.8,7,3,2.2,45.43839046,10.99352685
RMIC8FA00B,Ic Via Casale Del Finocchio,Roma,Roma,Lazio,Centro,Infanzia,Metropolitano,Infanzia,Via Casale Del Finocchio 56,00132,rmic8fa00b@istruzione.it,rmic8fa00b@pec.istruzione.it,https//iccasaledelfinocchio.edu.it/,Statale,ok,analysis_results/RMIC8FA00B_PTOF_analysis.json,0,4,4,2,3,3,3,5,5,3,3,4,4,4,3,5,2,4,3,3,3,4,4,3,2,3.0,4.0,4.0,3.0,3.2,20,2,3.44,41.89277044,12.48366723
TOPS10000T,Liceo Charles Darwin,Rivoli,Torino,Piemonte,Nord Ovest,Liceo,Metropolitano,II Grado,Viale Papa Giovanni Xxiii N 25,10098,tops10000t@istruzione.it,tops10000t@pec.istruzione.it,www.liceodarwin.net,Statale,ok,analysis_results/TOPS10000T_PTOF_analysis.json,1,2,6,6,6,6,5,6,5,0,6,5,6,5,0,7,6,7,7,6,5,6,4,5,6,5.8,5.67,5.75,6.5,5.2,13,6,5.78,45.07062854,7.53394487
MSIC81200D,"I.C. ""Massa 6"" Loc. Romagnano",Massa,Massa-Carrara,Toscana,Centro,Infanzia,Non Metropolitano,Infanzia,Piazza Albania 7,54100,msic81200d@istruzione.it,msic81200d@pec.istruzione.it,www.icmassa6.edu.it,Statale,ok,analysis_results/MSIC81200D_PTOF_analysis.json,1,4,4,3,3,5,3,5,5,3,3,6,4,5,3,6,4,3,3,5,5,5,3,0,3,3.6,4.0,4.8,3.75,4.0,24,6,4.03,44.03674425,10.14173829
TATE04201C,P.Ssa Maria Pia,Taranto,Taranto,Puglia,Sud,Tecnico,Non Metropolitano,II Grado,Via Galilei N.27,74121,tais04200p@istruzione.it,ND,www.iismariapia.edu.it,Statale,ok,analysis_results/TATE04201C_PTOF_analysis.json,1,5,4,4,5,6,5,5,5,3,5,5,5,5,4,6,6,4,3,6,5,6,3,5,5,4.8,4.5,5.0,4.75,4.8,21,23,4.77,40.47354719,17.23237621
SRTL49500I,"Istituto Paritario ""S. Quasimodo""",Siracusa,Siracusa,Sicilia,Isole,Primaria,Non Metropolitano,II Grado,Via S. Giuseppe 13,96100,quasimodomagica@libero.it,scuolaparitariasangiuseppe@pec.impresesiracusa.it,www.icslocatelli-quasimodo.edu.it,Paritaria,ok,analysis_results/SRTL49500I_PTOF_analysis.json,1,5,4,4,3,5,4,3,6,2,4,5,4,5,3,4,4,6,3,5,5,6,4,4,5,4.0,3.75,4.2,4.5,4.8,41,7,4.25,37.05991685,15.2933324
LEEE8AT01P,V. Ampolo,Surbo,Lecce,Puglia,Sud,Primaria,Non Metropolitano,Primaria,Via G. Mazzini 14,73010,ND,ND,www.icprincipedipiemontemaglie.edu.it,Statale,ok,analysis_results/LEEE8AT01P_PTOF_analysis.json,0,1,3,3,1,1,3,3,4,1,3,2,4,4,1,5,4,4,5,4,3,5,3,3,4,2.2,2.75,3.2,4.25,3.6,1,1,3.2,40.3975535,18.13158796
AVAA81003Q,Capoluogo-Castel Vetere Sul Cal,Castelvetere Sul Calore,Avellino,Campania,Sud,Infanzia,Non Metropolitano,Infanzia,Via San Rocco N. 01,83040,avic81000r@istruzione.it,avic81000r@pec.istruzione.it,www.icvolturara.edu.it,Statale,ok,analysis_results/AVAA81003Q_PTOF_analysis.json,1,5,3,3,3,4,3,5,5,4,3,4,4,5,3,5,4,3,4,2,3,5,3,3,4,3.2,4.25,4.2,3.25,3.6,13,5,3.7,40.929916,14.98607475
RMIS02400L,Istruzione Superiore Via Delle Scienze,Colleferro,Roma,Lazio,Centro,Liceo,Metropolitano,II Grado,Via Delle Scienze E Della Tecnica S.N.C.,00034,rmis02400l@istruzione.it,rmis02400l@pec.istruzione.it,www.marconicolleferro.edu.it,Statale,ok,analysis_results/RMIS02400L_PTOF_analysis.json,1,5,3,3,4,4,5,5,6,3,4,4,5,5,3,4,5,5,5,5,5,6,3,5,4,3.8,4.5,4.2,5.0,4.6,11,8,4.42,41.73041246,13.00559155
CLTD01651N,Corso Serale A.F.M. - C.A.T. - Mussomeli,Mussomeli,Caltanissetta,Sicilia,Isole,Tecnico,Non Metropolitano,II Grado,Contrada Prato,93014,clis016002@istruzione.it,clis016002@pec.istruzione.it,www.iishodierna.edu.it,Statale,ok,analysis_results/CLTD01651N_PTOF_analysis.json,1,2,5,5,2,2,5,5,5,3,5,4,5,3,3,5,5,2,3,5,4,4,3,4,4,3.8,4.5,4.0,3.75,3.8,23,14,3.97,37.58022427,13.75402582
BRAA81004C,Via Ofanto,Brindisi,Brindisi,Puglia,Sud,Infanzia,Non Metropolitano,Infanzia,Via Ofanto,72100,bric81000c@istruzione.it,bric81000c@pec.istruzione.it,icbozzano-centro.edu.it,Statale,ok,analysis_results/BRAA81004C_PTOF_analysis.json,1,5,3,4,5,4,4,5,4,3,4,4,4,5,3,5,5,4,5,5,6,6,3,5,6,4.0,4.0,4.2,4.75,5.2,44,17,4.43,40.63848508,17.94602372
FIAA876097,Rodari,Empoli,Firenze,Toscana,Centro,Infanzia,Metropolitano,Infanzia,Via Meucci105,50053,fiic876002@istruzione.it,ND,www.istitutocomprensivoempoliovest.edu.it,Statale,ok,analysis_results/FIAA876097_PTOF_analysis.json,1,10,3,3,2,4,3,3,5,1,4,4,3,4,2,5,3,4,2,4,3,3,2,3,3,3.0,3.25,3.6,3.25,2.8,5,1,3.18,43.71908066,10.94718391
MBMM8DN017,"Scuola Media ""E.Fermi""",Villasanta,Monza E Della Brianza,Lombardia,Nord Ovest,I Grado,Non Metropolitano,I Grado,Via A. Villa 5,20852,mbic8dn006@istruzione.it,ND,www.icvillasanta.edu.it,Statale,ok,analysis_results/MBMM8DN017_PTOF_analysis.json,1,5,4,4,5,5,5,6,6,3,5,6,5,5,4,6,5,4,4,5,5,5,4,5,5,4.6,5.0,5.2,4.5,4.8,40,16,4.82,45.60427327,9.30195235
NASD04000B,"Liceo Artistico Statale-""G. De Chirico""",Torre Annunziata,Napoli,Campania,Sud,Liceo,Metropolitano,II Grado,Via Vittorio Veneto 514,80058,nasd04000b@istruzione.it,nasd04000b@pec.istruzione.it,www.liceodechirico.edu.it/,Statale,ok,analysis_results/NASD04000B_PTOF_analysis.json,1,5,4,4,5,5,4,4,5,3,5,5,4,5,4,5,4,4,4,4,5,4,1,4,3,4.4,4.25,4.6,4.0,3.4,21,14,4.13,40.75817312,14.44758612
PC1MIV500Z,Scuola Secondaria I Grado Sant'Orsola,Piacenza,Piacenza,Emilia Romagna,Nord Est,I Grado,Non Metropolitano,I Grado,Via Campo Della Fiera N. 8,29121,segreteria@istitutosantorsola.it,ND,www.istitutosantorsola.com,Paritaria,ok,analysis_results/PC1MIV500Z_PTOF_analysis.json,0,0,3,3,2,4,2,1,2,1,3,3,2,4,2,2,4,3,2,3,3,5,3,2,5,2.8,1.75,2.6,3.0,3.6,15,8,2.75,45.05193461,9.6926326
