percorso2;plesso;denominazionescuola;istituto;nome_istituto;indirizzo;nome_comune;tel_segreteria;tel_dirigente;indirizzoemailscuola;strato;grado;tipo_scuola_std;territorio_std
;;IC;VTIC82500A;G. NICOLINI;VIA L. M. OLIVARES;CAPRANICA;761669085;761669085;vtic82500a@istruzione.it;nord_altro;ND;ND;Non Metropolitano
;;IC;BGIC87900D;CAROLI STEZZANO;VIA VALLINI, 23;STEZZANO;35591529;35591529;bgic87900d@istruzione.it;nord_altro;ND;ND;Non Metropolitano
;;IC;PEIC83300G;PESCARA 3;VIA REGINA ELENA, 135;PESCARA;854210474;854210474;peic83300g@istruzione.it;sud_metro;ND;ND;Metropolitano
;;IC;FGIC85400C;DIREZIONE DIDATTICA + PASCOLI;VIA AFRICA ORIENTALE, 32;MARGHERITA DI SAVOIA;883654396;883654396;lucarusso61@virgilio.it;sud_altro;ND;ND;Non Metropolitano
;;IC;MBIC8AM00E;FILIPPO DE PISIS;VIA VITTORIO VENETO, 54;BRUGHERIO;392873352;392873352;mbic8am00e@istruzione.it;nord_altro;ND;ND;Non Metropolitano
;;IC;CTMM10300P;NINO MARTOGLIO;VIA SCUOLA MEDIA, SNC;BELPASSO;95912381;957053036;ctmm10300p@istruzione.it;sud_altro;ND;ND;Non Metropolitano
;;IC;RCIC81400P;SAN LUCA - BOVALINO;CORSO MATTEOTTI, 2;SAN LUCA;964985054;965782221;rcic81400p@istruzione.it;sud_altro;ND;ND;Non Metropolitano
;;IC;SSIC80600X;BUDDUSÒ;VIA COMM. FUMU;BUDDUSÒ;79714035;785373218;ssic80600x@istruzione.it;sud_altro;ND;ND;Non Metropolitano
;;IC;CHIC80700E;P. D. POLLIDORI;PIAZZA FANTINI, 1;FOSSACESIA;87260190;87260190;chic80700e@istruzione.it;sud_altro;ND;ND;Non Metropolitano
;;IC;NAIC8CM004;58 - J. F. KENNEDY;VIA MONTE ROSA, 149;NAPOLI;815438314;817374452;naic8cm004@istruzione.it;sud_metro;ND;ND;Metropolitano
;;IC;PSIC83500A;MICHELINI TOCCI;PIAZZA SAN FRANCESCO, 5;CAGLI;0721 787337 787045;721787683;psic83500a@istruzione.it;nord_altro;ND;ND;Non Metropolitano
;;IC;NAIC8G300P;NA 55 I.C. PISCICELLI - MAIURI;VIA PISCICELLI, 37;NAPOLI;815781766;815781766;naic8g300p@istruzione.it;sud_metro;ND;ND;Metropolitano
;;IC;MIIC8DB00D;DON MILANI;VIA BARANZATE, 8;NOVATE MILANESE;02 38201592;02 38201592;miic8db00d@istruzione.it;nord_altro;ND;ND;Non Metropolitano
;;IC;NA1MU75009;MATER DEI;PIAZZETTA MATERDEI, 10;NAPOLI;8119560964;818811010;istitutoparitariomaterdei@virgilio.it;sud_metro;ND;ND;Metropolitano
licei_trad;MOPS01801C;F.CORNI SEZ. LICEALE;MOIS018002;F. CORNI - LICEO E TECNICO;LARGO A. MORO, 25;MODENA;59400700;59400700;MOIS018002@istruzione.it;licei_trad_nord_metro;II Grado;Liceo;Metropolitano
IT;BGTD02301X;"""SERAFINO RIVA""";BGIS02300N;SERAFINO RIVA;VIA CORTIVO, 30/32;SARNICO;35914290;35914290;BGIS02300N@istruzione.it;IT_nord_altro;II Grado;Tecnico;Non Metropolitano
IP;CLRH009013;IP SERV.L'ENOGASTRON. L'OSPITALITA ALBER;CLIS00900V;IIS SEN. ANGELO DI ROCCO;VIA LEONE XIII, 64;CALTANISSETTA;934591250;934591280;CLIS00900V@istruzione.it;IP_sud_metro;II Grado;Professionale;Metropolitano
IT;MOTD01000L;A. BAGGI;MOTD01000L;A. BAGGI;VIA S. LUCA;SASSUOLO;536803122;565915148;MOTD01000L@istruzione.it;IT_nord_altro;II Grado;Tecnico;Non Metropolitano
licei_trad;ROPM01000Q;"LICEO ""CELIO-ROCCATI"" ROVIGO";ROPM01000Q;CELIO - ROCCATI;VIA CARDUCCI, 8;ROVIGO;42521012;0425 21012;ROPM01000Q@istruzione.it;licei_trad_nord_metro;II Grado;Liceo;Metropolitano
IT;TNTF01301D;;TNIS013001;ITT BUONARROTI;VIA BRIGATA ACQUI, 15;TRENTO;461216811;461216811;;IT_nord_metro;II Grado;Tecnico;Metropolitano
licei_trad;GETF014018;LICEO E ITS I. CALVINO;GEIS01400Q;IIS ITALO CALVINO;VIA BORZOLI, 21;GENOVA;106504672;3491398014;GEIS01400Q@istruzione.it;licei_trad_nord_metro;II Grado;Liceo;Metropolitano
IP;BORC10500R;ISTITUTO SALESIANO BEATA VERGINE DI SAN LUCA;BORC10500R;BEATA VERGINE DI SAN LUCA;VIA JACOPO DELLA QUERCIA, 1;BOLOGNA;051 4151711 - 4151703;514151711;segreteria.bolognabv@salesiani.it;IP_nord_metro;II Grado;Professionale;Metropolitano
licei_altro;VAPLVL5003;LICEO LINGUISTICO COLLEGIO ROTONDI;VAPLVL5003;COLLEGIO ROTONDI;VIA SAN MAURIZIO, 4;GORLA MINORE;331.604.425;331601106;rettore@collegiorotondi.it;licei_altro_nord_altro;II Grado;Liceo;Non Metropolitano
IT;ALTL00601A;"""PIER LUIGI NERVI""";ALIS00600N;VINCI-NERVI-FERMI;VIA TROTTI, 19;ALESSANDRIA;131252217;131252217;ALIS00600N@istruzione.it;IT_nord_metro;II Grado;Tecnico;Metropolitano
IT;ISTD003018;E.DE NICOLA;ISIS003002;A. GIORDANO;VIA MAIELLA, 41-43;VENAFRO;0865 904124;865904124;ISIS003002@istruzione.it;IT_sud_altro;II Grado;Tecnico;Non Metropolitano
licei_trad;PTPS00301L;ENRICO FERMI;PTIS003006;ENRICO FERMI;VIALE VILLA VITTORIA 240 - SAN MARCELLO PISTOIESE;SAN MARCELLO PITEGLIO;573621429;57362141;PTIS003006@istruzione.it;licei_trad_nord_altro;II Grado;Liceo;Non Metropolitano
IT;LUTF004018;FRANCESCO VECCHIACCHI;LUIS00400Q;ISI GARFAGNANA;VIA XX APRILE, 12;CASTELNUOVO DI GARFAGNANA;0583 62454;584989027;LUIS00400Q@istruzione.it;IT_nord_altro;II Grado;Tecnico;Non Metropolitano
IP;MIRC08901T;I.P. -G. PUECHER-A. OLIVETTI(SUCCURSALE);MIIS08900V;PUECHER - A. OLIVETTI;VIA BERSAGLIO, 56;RHO;29302236;29302236;MIIS08900V@istruzione.it;IP_nord_altro;II Grado;Professionale;Non Metropolitano
licei_altro;BRPC04000P;"LICEO ""MARZOLLA-LEO-SIMONE-DURANO""";BRPC04000P;MARZOLLA - LEO - SIMONE - DURANO;VIA NARDELLI, 2;BRINDISI;831516102;831516102;BRPC04000P@istruzione.it;licei_altro_sud_metro;II Grado;Liceo;Metropolitano
licei_trad;SAPC07201R;"""G. B. VICO""";SAIS07200D;G. B. VICO;PIAZZA CIANCIULLO, 1;NOCERA INFERIORE;815176462;815176462;SAIS07200D@istruzione.it;licei_trad_sud_altro;II Grado;Liceo;Non Metropolitano
IP;VCRH040008;G. PASTORE;VCRH040008;G. PASTORE;VIA D'ADDA, 33;VARALLO;16351753;163826552;VCRH040008@istruzione.it;IP_nord_altro;II Grado;Professionale;Non Metropolitano
licei_trad;ALTF01000R;ALESSANDRO VOLTA;ALTF01000R;ALESSANDRO VOLTA;SPALTO MARENGO, 42;ALESSANDRIA;131227239;131227239;ALTF01000R@istruzione.it;licei_trad_nord_metro;II Grado;Liceo;Metropolitano
licei_altro;MIPC09500C;LICEO CLASSICO ISTITUTO GONZAGA;MIPC09500C;GONZAGA;V. VITRUVIO, 41;MILANO;02 6693141;26693141;SEGRETERIA@GONZAGA-MILANO.IT;licei_altro_nord_metro;II Grado;Liceo;Metropolitano
IT;LETL04201D;"I.T.G. ""G. GALILEI"" LECCE";LEIS04200R;I.I.S.S.GALILEI - COSTA - SCARAMBONE;PIAZZA PALIO;LECCE;832305919;832397005;LEIS04200R@istruzione.it;IT_sud_metro;II Grado;Tecnico;Metropolitano
IP;RORI01201L;GIUSEPPE MARCHESINI - IPSIA;ROIS012001;FERRUCCIO VIOLA - GIUSEPPE MARCHESINI;VIA A. DE GASPERI, 21;ROVIGO;425410699;4251713700;ROIS012001@istruzione.it;IP_nord_metro;II Grado;Professionale;Metropolitano
licei_trad;VAPS026014;LICEO SCIENT. OPZIONE SCIENZE APPLICATE;VAIS02600N;L. GEYMONAT;VIA GRAMSCI, 1;TRADATE;0331 842371;331619000;VAIS02600N@istruzione.it;licei_trad_nord_altro;II Grado;Liceo;Non Metropolitano
licei_altro;AQPM01000G;"""BENEDETTO CROCE""";AQPM01000G;B. CROCE;VIA CAVALIERI DI VITTORIO VENETO, 9;AVEZZANO;863412264;3334229894;AQPM01000G@istruzione.it;licei_altro_sud_altro;II Grado;Liceo;Non Metropolitano
IP;GRRC01201P;SERVIZI COMMERCIALI;GRIS01200Q;POLO ISTRUZIONE SUPERIORE;PIAZZA DE MARIA, 31;GROSSETO;564484853;564484851;GRIS01200Q@istruzione.it;IP_nord_metro;II Grado;Professionale;Metropolitano
IT;SOTA01000X;ISTITUTO TECNICO AGRARIO;SOTA01000X;ISTITUTO TECNICO AGRARIO;SALITA SCHENARDI, 6;SONDRIO;0342 212153;3,90342E+11;SOTA01000X@istruzione.it;IT_nord_metro;II Grado;Tecnico;Metropolitano
IT;RCTD01601R;I.T.COM.GEOM.INFO.TEL.BOVA M.IIS EUCLIDE;RCIS01600E;"ISTITUTO SUPERIORE ""EUCLIDE""";C.DA MONOSCALCO;BOVA MARINA;965499401;3205713561;RCIS01600E@istruzione.it;IT_sud_altro;II Grado;Tecnico;Non Metropolitano
;;IC;TOIC8AB00N;IVREA II;VIALE DELLA LIBERAZIONE N. 14;IVREA;125641088;125641088;toic8ab00n@istruzione.it;nord_altro;ND;ND;Non Metropolitano
;;IC;MOIC84800N;MODENA 10;STRADA ALBARETO, 93;MODENA;59313165;;moic84800n@istruzione.it;nord_metro;ND;ND;Metropolitano
;;IC;TAIC80300X;L. PIRANDELLO;VIA PASTORE SNC;TARANTO;994721184;994721184;taic80300x@istruzione.it;sud_metro;ND;ND;Metropolitano
;;IC;TN1M001004;IST. SALESIANO S. CROCE;VIA MOLAREN, 29;MEZZANO;439762019;;segreteria@sdbmezzano.it;nord_altro;ND;ND;Non Metropolitano
;;IC;CEIC87400L;SAN MARCELLINO CENTRO;VIA STARZA SNC;SAN MARCELLINO;081 8121614;081 8123884;ceic87400l@istruzione.it;sud_altro;ND;ND;Non Metropolitano
;;IC;SAIC8A700R;GENNARO BARRA;VIA LUNGOMARE TRIESTE, 17;SALERNO;892753012;67910323;saic8a700r@istruzione.it;sud_metro;ND;ND;Metropolitano
;;IC;TOIC8A100T;VITTORINO DA FELTRE - FERMI;VIA FINALMARINA, 5;TORINO;1101166100;1101166100;toic8a100t@istruzione.it;nord_metro;ND;ND;Metropolitano
;;IC;RCIC87300E;VITRIOLI - PRINCIPE DI PIEMONTE;VIA POSSIDONEA, 19;REGGIO DI CALABRIA;965891530;965891530;rcic87300e@istruzione.it;sud_metro;ND;ND;Metropolitano
;;IC;BSIC83900G;IC COCCAGLIO;VIA G. MATTEOTTI, 10/A;COCCAGLIO;030 7721190;307721457;segreteria@iccoccaglio.net;nord_altro;ND;ND;Non Metropolitano
;;IC;CNIC854007;PADRE G. GIROTTI - QUARTIERE PIAVE - SAN CASSIANO;CORSO EUROPA, 134;ALBA;0173 280057;0173 280057;cnic854007@istruzione.it;nord_altro;ND;ND;Non Metropolitano
;;IC;SRIC81900E;CARLO V;VIA DELLO STADIO, 32;CARLENTINI;095 993791;95993791;sric81900e@istruzione.it;sud_altro;ND;ND;Non Metropolitano
;;IC;AGIC848001;FRANCESCO GIORGIO;VIA DANTE, 14;LICATA;9221837367;9221837367;agic848001@istruzione.it;sud_altro;ND;ND;Non Metropolitano
;;IC;SRIC82100E;I - E. DE AMICIS;VIA DE AMICIS, 1;FLORIDIA;931941753;931941753;sric82100e@istruzione.it;sud_altro;ND;ND;Non Metropolitano
;;IC;TAIC829004;G. SALVEMINI;VIA GREGORIO VII SNC;TARANTO;997774924;997774924;taic829004@istruzione.it;sud_metro;ND;ND;Metropolitano
;;IC;MCIC83100E;NICOLA BADALONI;VIA SPAZZACAMINO, 11;RECANATI;717574394;717574394;mcic83100e@istruzione.it;nord_altro;ND;ND;Non Metropolitano
IP;VRPQ02500E;I.P. SERVIZI SOCIO SANITARI SACRA FAMIGLIA;VRPQ02500E;ISTITUTO PROFESSIONALE DEI SERVIZI SOCIO SANITARI;VIA G. NASCIMBENI, 10;VERONA;045 8185704;458185702;sacrafamigliavr.mondopiccolo@gmail.com;IP_nord_metro;II Grado;Professionale;Metropolitano
IP;BNRC02301T;FAICCHIO;BNIS02300V;BNIS02300V;VIA RAFFAELE DELCOGLIANO;FAICCHIO;824863478;0874/34393;BNIS02300V@istruzione.it;IP_sud_altro;II Grado;Professionale;Non Metropolitano
IP;RMRC10301B;GIULIO VERNE;RMIS10300C;IIS VIA DI SAPONARA 150;VIA DI SAPONARA, 150;ROMA;6121125745;6121125745;RMIS10300C@istruzione.it;IP_nord_metro;II Grado;Professionale;Metropolitano
licei_altro;CRPC02000A;"""DANIELE MANIN""";CRPC02000A;DANIELE MANIN;VIA CAVALLOTTI, 2;CREMONA;37221545;0372/21545;CRPC02000A@istruzione.it;licei_altro_nord_metro;II Grado;Liceo;Metropolitano
licei_altro;BSPM6Z500C;Annibale Maria di Francia;BSPM6Z500C;ANNIBALE MARIA DI FRANCIA;VIALE MOTTA, 54;DESENZANO DEL GARDA;309141743;309141743;presidenza@scuolerogazionistidesenzano.it;licei_altro_nord_altro;II Grado;Liceo;Non Metropolitano
IP;RGRH020005;PRINCIPI GRIMALDI;RGRH020005;PRINCIPI GRIMALDI;VIALE DEGLI OLEANDRI, 19;MODICA;932762991;932762991;RGRH020005@istruzione.it;IP_sud_altro;II Grado;Professionale;Non Metropolitano
IT;PRTA00201G;FABIO BOCCHIALINI;PRIS00200Q;GALILEI - BOCCHIALINI;VIA CEFALONIA, 14;SAN SECONDO PARMENSE;0521871536 - 0521871593;0521871536-0521871593;PRIS00200Q@istruzione.it;IT_nord_altro;II Grado;Tecnico;Non Metropolitano
licei_altro;RMPL50500Q;LICEO LINGUISTICO VISCONTI;RMPL50500Q;VISCONTI;VIA NAZARIO SAURO, 1;ROMA;639741489;639741489;segreteria@istitutovisconti.it;licei_altro_nord_metro;II Grado;Liceo;Metropolitano
licei_trad;PZPC00601N;"L.C. ""N. CARLOMAGNO"" LAURIA";PZIS00600A;N. MIRAGLIA;VIA CERSE DELLO SPEZIALE;LAURIA;973823966;838726919;PZIS00600A@istruzione.it;licei_trad_sud_altro;II Grado;Liceo;Non Metropolitano
IT;VRTA01204R;"""STEFANI BENTEGODI"" VILLAFRANCA DI VR";VRIS01200T;STEFANI - BENTEGODI;VIA RIMEMBRANZA, 53;ISOLA DELLA SCALA;0457300252 0457300639 0456639456;457300252;Non Disponibile;IT_nord_altro;II Grado;Tecnico;Non Metropolitano
IT;METD08500D;LEOPARDI;METD08500D;LEOPARDI;VIA EOLIE 10;BARCELLONA POZZO DI GOTTO;3711132104;941911905;LEOPARDI.ISTITUTO@GMAIL.COM;IT_sud_altro;II Grado;Tecnico;Non Metropolitano
licei_trad;COPSTL500E;Liceo Artigianale - scientifico opzione scienze applicate quadriennale;COPSTL500E;LICEO ARTIGIANALE - OPZIONE SCIENZE APPLICATE;VIA MADRUZZA, 36;COMO;31263779;31263779;cometa.formazione@puntocometa.org;licei_trad_nord_metro;II Grado;Liceo;Metropolitano
licei_trad;PAPC01000V;LICEO GINNASIO DI STATO (F. SCADUTO);PAPC01000V;LICEO GINNASIO DI STATO F. SCADUTO;VIA DANTE, 22;BAGHERIA;091 961359;916142456;PAPC01000V@istruzione.it;licei_trad_sud_altro;II Grado;Liceo;Non Metropolitano
IP;PGRC00301D;"""SALVATORELLI-MONETA"" PROFESSIONALE";PGIS00300E;"OMNICOMPRENSIVO ""SALVATORELLI-MONETA""";VIA F. SATOLLI, 4 - SS1;MARSCIANO;758743310;758742353;PGIS00300E@istruzione.it;IP_nord_altro;II Grado;Professionale;Non Metropolitano
IT;BNTDHO5008;"""SAN GIULIANA""";BNTDHO5008;SAN GIULIANA;VIA SAN ROCCO SNC;FRASSO TELESINO;824279323;818318981;Non Disponibile;IT_sud_altro;II Grado;Tecnico;Non Metropolitano
licei_altro;TEPC01201L;LICEO CLASSICO MELCHIORRE DELFICO;TEIS012009;DELFICO - MONTAUTI;PIAZZA DANTE, 20;TERAMO;861250664;861787703;TEIS012009@istruzione.it;licei_altro_sud_metro;II Grado;Liceo;Metropolitano
licei_trad;RMPS37000A;E. MAJORANA;RMPS37000A;E. MAJORANA;VIA C. AVOLIO, 111;ROMA;6121127420;06 121127420;RMPS37000A@istruzione.it;licei_trad_nord_metro;II Grado;Liceo;Metropolitano
IP;CSRF05101X;IPSS COSENZA;CSIS051007;IPSSS - ITAS;VIALE G. MANCINI, 311;COSENZA;984483941;984483941;CSIS051007@istruzione.it;IP_sud_metro;II Grado;Professionale;Metropolitano
IP;NARI05801C;"IPSIA ""L. DE' MEDICI"" OTTAVIANO";NAIS05800R;L. DE MEDICI;VIA ZABATTA, 19;OTTAVIANO;081 5293222;815293222;NAIS05800R@istruzione.it;IP_sud_altro;II Grado;Professionale;Non Metropolitano
licei_altro;CHPM01901C;LICEO DE TITTA - IIS DE TITTA FERMI;CHIS019001;CESARE DE TITTA - E. FERMI;VIALE GUGLIELMO MARCONI, 14;LANCIANO;872716381;872716381;CHIS019001@istruzione.it;licei_altro_sud_altro;II Grado;Liceo;Non Metropolitano
IT;FETL00901R;I.T. COSTRUZIONI AMBIENTE E TERRITORIO;FEIS009004;G.B. ALEOTTI;VIA C. RAVERA, 11;FERRARA;0532 94058;53294058;FEIS009004@istruzione.it;IT_nord_metro;II Grado;Tecnico;Metropolitano
IP;SIRH030008;PELLEGRINO ARTUSI;SIRH030008;P. ARTUSI;VIA DEL MORELLONE, 1;CHIANCIANO TERME;57863674;57863674;SIRH030008@istruzione.it;IP_nord_altro;II Grado;Professionale;Non Metropolitano
licei_altro;AGPM01801R;GIUDICI SAETTA E LIVATINO;AGIS018009;GIUDICI SAETTA E LIVATINO;VIA LAURICELLA, 2;RAVANUSA;922875745;0922 875745;AGIS018009@istruzione.it;licei_altro_sud_altro;II Grado;Liceo;Non Metropolitano
licei_trad;MTPS012017;"L.SCIENT.""G.B.PENTASUGLIA"" -MATERA";MTIS01200R;I.I.S. G.B. PENTASUGLIA;VIA E. MATTEI SNC;MATERA;835264114;803113022;MTIS01200R@istruzione.it;licei_trad_sud_metro;II Grado;Liceo;Metropolitano
IT;VETFO1500N;ISTITUTO TECNICO TECNOLOGICO INDIRIZZO GRAFICA E COMUNICAZIONE ABATE ZANETTI;VETFO1500N;ABATE ZANETTI - INDIRIZZO GRAFICA E COMUNICAZIONE;CALLE BRIATI, 8/B;VENEZIA;419343838;498751151;SEGRETERIA@ABATEZANETTI.IT;IT_nord_metro;II Grado;Tecnico;Metropolitano
licei_trad;SITF020002;TITO SARROCCHI;SITF020002;TITO SARROCCHI;VIA PISACANE 3;SIENA;577218357;577940322;SITF020002@istruzione.it;licei_trad_nord_metro;II Grado;Liceo;Metropolitano
IT;RCTA011017;ITA CAULONIA ASS.IIS Z.BIANCO M.GIOIOSA;RCIS01100B;ZANOTTI BIANCO;VIA G. DI VITTORIO 2;MARINA DI GIOIOSA IONICA;0964048040 0964417700;964388396;RCIS01100B@istruzione.it;IT_sud_altro;II Grado;Tecnico;Non Metropolitano
;;IC;SVIC81300R;VARAZZE - CELLE NELSON MANDELA;VIA CAMOGLI GIOVANNI BAT., 6;VARAZZE;1997394;19514088;svic81300r@istruzione.it;nord_altro;ND;ND;Non Metropolitano
;;IC;RM1M11200L;SCHOLA PUERORUM;VIA DEL MONTE DELLA FARINA 64;ROMA;06 6868553;66868553;segreteria@scholapuerorum.org;nord_metro;ND;ND;Metropolitano
;;IC;NAIC8E6001;GRAGNANO 3 - STAGLIE - P.CO IMPERIALE;VIA G. LEOPARDI, 10 - PARCO IMPERIALE;GRAGNANO;818702141;818702141;naic8e6001@istruzione.it;sud_altro;ND;ND;Non Metropolitano
;;IC;RM1M09900B;ISTITUTO SALESIANO PIO XI;V. UMBERTIDE, 11;ROMA;06 78440179;678440176;segreteria@pioundicesimo.org;nord_metro;ND;ND;Metropolitano
;;IC;TOIC8BG00B;SAN BENIGNO CANAVESE;CORSO ITALIA, 34;SAN BENIGNO CANAVESE;011 9880562;;toic8bg00b@istruzione.it;nord_altro;ND;ND;Non Metropolitano
;;IC;ARVC010009;V. EMANUELE II;VIA CARDUCCI, 5;AREZZO;057521436 - 0575351370;575401408;arvc010009@istruzione.it;nord_metro;ND;ND;Metropolitano
;;IC;PZIC88800P;L. MILANI - POTENZA IV;VIA TIRRENO;POTENZA;971594191;971594191;pzic88800p@istruzione.it;sud_metro;ND;ND;Metropolitano
;;IC;FGIC85900G;PARISI DE SANCTIS;VIA MARCHESE DE ROSA, 23;FOGGIA;881617816;881617816;fgic85900g@istruzione.it;sud_metro;ND;ND;Metropolitano
;;IC;CTIC823002;PIERO GOBETTI;VIA PIERSANTI MATTARELLA SNC;CALTAGIRONE;93325663;;ctic823002@istruzione.it;sud_altro;ND;ND;Non Metropolitano
;;IC;VEIC846005;FRANCESCOQUERINI;VIA CATALANI, 9 - MESTRE;VENEZIA;41984807;;veic846005@istruzione.it;nord_metro;ND;ND;Metropolitano
;;IC;BAIC89400E;DE AMICIS - GIOVANNI XXIII;PIAZZA DI VAGNO, 18;ACQUAVIVA DELLE FONTI;80761314;80762997;baic89400e@istruzione.it;sud_altro;ND;ND;Non Metropolitano
;;IC;PAIC884002;SAN GIUSEPPE JATO;CONTRADA MORTILLI;SAN GIUSEPPE JATO;918579953;918661056;paic884002@istruzione.it;sud_altro;ND;ND;Non Metropolitano
;;IC;VR1M00800G;ALLE STIMATE;VIA C. MONTANARI, 1;VERONA;045 8006662;458006662;scuolestimate@scuolestimate.eu;nord_metro;ND;ND;Metropolitano
;;IC;FEIC808004;ALBERTO MANZI - S. BARTOLOMEO IN B.;VIA MASI, 114;FERRARA;0532 722164;532722164;feic808004@istruzione.it;nord_metro;ND;ND;Metropolitano
licei_altro;PVPC00701B;LICEO SCIENTIFICO GOLGI - BRONI;PVIS007004;IIS L. G. FARAVELLI;VIA DE AMICIS, 35;STRADELLA;38548686;38548686;PVIS007004@istruzione.it;licei_altro_nord_altro;II Grado;Liceo;Non Metropolitano
licei_trad;TOPC10500T;"""MAURILIO FOSSATI""";TOPC10500T;MAURILIO FOSSATI;CORSO FRANCIA, 15;RIVOLI;011.9586336 011.9561156;011.9586336 011.9561156;rivoli@murialdo.it;licei_trad_nord_altro;II Grado;Liceo;Non Metropolitano
licei_altro;CTSD02000E;"LICEO ARTISTICO STATALE ""M.M. LAZZARO""";CTSD02000E;M. M. LAZZARO;VIA GENERALE AMEGLIO, 15;CATANIA;956136410;956136410;CTSD02000E@istruzione.it;licei_altro_sud_metro;II Grado;Liceo;Metropolitano
licei_altro;CBPC02601V;"LICEO LINGUISTICO ""PERTINI""";CBIS02600G;S. PERTINI - L. MONTINI - V. CUOCO;VIA PRINCIPE DI PIEMONTE, 2/C;CAMPOBASSO;87496958;87496958;CBIS02600G@ISTRUZIONE.IT;licei_altro_sud_metro;II Grado;Liceo;Metropolitano
IP;ORRA009017;I.P.S.A.A. E I.P.S.A.A.R. DON D. MELONI;ORIS009007;DON DEODATO MELONI;LOCALITÀ PALLONI SNC - NURAXINIEDDU;ORISTANO;0783 3444222;784230880;ORIS009007@istruzione.it;IP_sud_metro;II Grado;Professionale;Metropolitano
licei_altro;CSPS18000D;"LS ""PITAGORA"" RENDE";CSPS18000D;LICEO SCIENTIFICO - LINGUISTICO PITAGORA;VIA S. PERTINI SNC;RENDE;984462682;0984-462682;CSPS18000D@istruzione.it;licei_altro_sud_altro;II Grado;Liceo;Non Metropolitano
licei_trad;AGPS00101A;A. SCIASCIA;AGIS00100X;UGO FOSCOLO;VIA PIRANDELLO, 6;CANICATTÌ;922851006;922851006;AGIS00100X@istruzione.it;licei_trad_sud_altro;II Grado;Liceo;Non Metropolitano
IT;NATD12601C;TD ITCG ARCHIMEDE-NAPOLI-;NAIS126006;ARCHIMEDE;VIA EMILIO SALGARI, 8;NAPOLI;081 7746398;817746398;NAIS126006@istruzione.it;IT_sud_metro;II Grado;Tecnico;Metropolitano
licei_trad;RMPS11201N;GUGLIELMO MARCONI;RMIS112007;GUGLIELMO MARCONI;VIA CIRO CORRADETTI, 2;CIVITAVECCHIA;06 121124375;6121124375;RMIS112007@istruzione.it;licei_trad_nord_altro;II Grado;Liceo;Non Metropolitano
IP;PZRI021014;I.P.S.I.A. - VENOSA (PZ);PZIS02100C;Q. ORAZIO FLACCO;VIA EMILIA, 32;VENOSA;0972 207954;0972/207954;PZIS02100C@istruzione.it;IP_sud_altro;II Grado;Professionale;Non Metropolitano
IT;TPTD00202C;IST.TEC. COMM.LE PARTANNA;TPIS002005;F. D'AGUIRRE- D. ALIGHIERI;VIA BAVIERA, 1;SALEMI;924534873;924981344;TPIS002005@istruzione.it;IT_sud_altro;II Grado;Tecnico;Non Metropolitano
licei_trad;FEPS00401B;LICEO SCIENT. T.LEVI CIVITA;FEIS004001;GUIDO MONACO DI POMPOSA;VIALE DELLA RESISTENZA, 3;CODIGORO;533712164;533712164;FEIS004001@istruzione.it;licei_trad_nord_altro;II Grado;Liceo;Non Metropolitano
IT;PATDEE500L;NICCOLO' MACHIAVELLI;PATDEE500L;NICCOLO' MACHIAVELLI;VIA DELLA FERROVIA, 54;PALERMO;;;Non Disponibile;IT_sud_metro;II Grado;Tecnico;Metropolitano
IP;BLRI001013;"I.P.S.I.A. ""OTTICA""";BLIS00100B;ENRICO FERMI;VIA VALCALDA, 1;PIEVE DI CADORE;43533072;43533072;BLIS00100B@istruzione.it;IP_nord_altro;II Grado;Professionale;Non Metropolitano
IT;TVTN00401B;ITT VERDI (S.C. I.S. VERDI);TVIS004007;GIUSEPPE VERDI;VIA S. VENANZIO FORTUNATO, 21;VALDOBBIADENE;0423 975973;0423 975973;TVIS004007@istruzione.it;IT_nord_altro;II Grado;Tecnico;Non Metropolitano
licei_altro;VIPS08000D;"L.S. ""DA VINCI"" ARZIGNANO";VIPS08000D;L.S. DA VINCI ARZIGNANO;VIA FORTIS , 3;ARZIGNANO;444676125;0444/676125;VIPS08000D@istruzione.it;licei_altro_nord_altro;II Grado;Liceo;Non Metropolitano
IP;RERF070004;"I P S S I ""M. CARRARA""";RERF070004;I.P.S.S.I. MARIO CARRARA;VIA SACCO E VANZETTI, 1;GUASTALLA;0522 824682;522824682;RERF070004@istruzione.it;IP_nord_altro;II Grado;Professionale;Non Metropolitano
IT;PSTF01000N;"I.T.I.S. ""E. MATTEI""";PSTF01000N;E. MATTEI;VIA LUCA PACIOLI, 22;URBINO;722328021;722328021;PSTF01000N@istruzione.it;IT_nord_metro;II Grado;Tecnico;Metropolitano
licei_trad;MBPSIE500B;COLLEGIO S. ANTONIO;MBPSIE500B;COLLEGIO S. ANTONIO - OPZIONE SCIENZE APPLICATE;VIA MANZONI, 13;BUSNAGO;396820180;396820180;segreteria@collegiosantantonio.com;licei_trad_nord_altro;II Grado;Liceo;Non Metropolitano
IT;BLTF01101E;"I.T.I. ""G. SEGATO""";BLIS011002;SEGATO;VIA J. TASSO, 11;BELLUNO;437940159;437940157;BLIS011002@istruzione.it;IT_nord_metro;II Grado;Tecnico;Metropolitano
IT;AVTLU25001;COSTRUZIONI AMBIENTE E TERRITORIO PARITARIO KENNEDY;AVTLU25001;CENTRO SCOLASTICO KENNEDY;VIA CIRCUMVALLAZIONE, 13;AVELLINO;825780564;0825/780564;info@kennedyavellino.it;IT_sud_metro;II Grado;Tecnico;Metropolitano
IT;PETF00301C;"ITI ""E.ALESSANDRINI"" MONTESILVANO";PEIS00300X;E. ALESSANDRINI;VIA C. D'AGNESE;MONTESILVANO;854680209;854680209;PEIS00300X@istruzione.it;IT_sud_altro;II Grado;Tecnico;Non Metropolitano
IP;TNCF005001;;TNCF005001;OPERA ARMIDA BARELLI - ROVERETO;VIA SETAIOLI, 5;ROVERETO;0464 433771;0464 433771;;IP_nord_altro;II Grado;Professionale;Non Metropolitano
licei_altro;CTSL01002C;"LICEO ARTISTICO ""E. GRECO""";CTSL01000A;EMILIO GRECO;VIA MAVILLA, 37 - VICO BUONAFÈ, 9;CATANIA;095/6136420;953522743;CTSL01000A@istruzione.it;licei_altro_sud_metro;II Grado;Liceo;Metropolitano
IP;MIRC300004;I.P. - V. KANDINSKY;MIRC300004;IPSSCSI W. KANDINSKY;VIA C. BARONI, 35;MILANO;28260979;28260979;MIRC300004@istruzione.it;IP_nord_metro;II Grado;Professionale;Metropolitano
licei_altro;FGPM03000E;"LICEO ""CAROLINA POERIO""";FGPM03000E;POERIO;CORSO ROMA, 1;FOGGIA;0881 721392;0881 721392;FGPM03000E@istruzione.it;licei_altro_sud_metro;II Grado;Liceo;Metropolitano
;;IC;MIMM01900D;SETTI CARRARO DALLA CHIESA;VIA PASSIONE, 12;MILANO;02 76001425;276001425;mive01000p@istruzione.it;nord_metro;ND;ND;Metropolitano
;;IC;VRIC851008;10 - BORGO ROMA EST;VIA B. GIULIARI, 40;VERONA;45501332;445501332;vric851008@istruzione.it;nord_metro;ND;ND;Metropolitano
;;IC;SOIC82100B;PAESI OROBICI;VIA D. GIANOLI, 16;SONDRIO;342510868;342510868;soic82100b@istruzione.it;nord_metro;ND;ND;Metropolitano
;;IC;MIIC836006;DON LORENZO MILANI;VIA TRIESTE, 21;TURBIGO;331899168;331899168;miic836006@istruzione.it;nord_altro;ND;ND;Non Metropolitano
;;IC;NA1M03300T;FONDAZIONE ROMANO GUARDINI SACRO CUORE;CORSO EUROPA, 84;NAPOLI;817146012;817146012;segreteria@sacrocuorenapoli.org;sud_metro;ND;ND;Metropolitano
;;IC;CTIC8AJ00Q;G. GALILEI - G. MAZZINI;VIA DALIA SNC;GRAMMICHELE;933940071;31901578;ctic8aj00q@istruzione.it;sud_altro;ND;ND;Non Metropolitano
;;IC;BG1M02700A;SACRO CUORE;VIA PESCHIERA, 4;VILLA D'ADDA;035 4380214;035.43.80214;segreteria@villapeschiera.it;nord_altro;ND;ND;Non Metropolitano
;;IC;TV1M00900Q;BALBI - VALIER;V. SARTORI, 47;PIEVE DI SOLIGO;0438 82080;43882080;info@balbivalier.it;nord_altro;ND;ND;Non Metropolitano
;;IC;NAIC80800G;BONGHI;VIA VESUVIO;NAPOLI;817596907;081 5576532;naic80800g@istruzione.it;sud_metro;ND;ND;Metropolitano
;;IC;SRIC823006;I IC - PIRANDELLO;VIA P. NENNI, 3;CARLENTINI;957832690;;sric823006@istruzione.it;sud_altro;ND;ND;Non Metropolitano
;;IC;TEIC82400B;CASTELLALTO - CELLINO ATTANASIO;VIA MADONNA DEGLI ANGELI, 11;CASTELLALTO;861296713;861296713;teic82400b@istruzione.it;sud_altro;ND;ND;Non Metropolitano
;;IC;MIIC8BF00G;RITA LEVI MONTALCINI;VIA MAZZINI, 24;GORGONZOLA;29.513.005;;miic8bf00g@istruzione.it;nord_altro;ND;ND;Non Metropolitano
;;IC;FGIC80800P;MATTINATA;VIA S. PELLICO, 16;MATTINATA;884550102;881520062;fgic80800p@istruzione.it;sud_altro;ND;ND;Non Metropolitano
;;IC;TNIC82900A;BASSA ANAUNIA - TUENNO;VIA COLLE VERDE, 3 - DENNO;DENNO;0461 655783;461655783;alunni.ic.denno@scuole.provincia.tn.it;nord_altro;ND;ND;Non Metropolitano
;;IC;MN1M001009;REDENTORE;VIA GIULIO ROMANO, 15;MANTOVA;376224776;376224776;studenti@istitutiredentore.it;nord_metro;ND;ND;Metropolitano
IP;LERC031019;"IST.PROFESSIONALE""DE PACE""-LECCE";LEIS03100A;A. DE PACE;VIALE MARCHE, 13;LECCE;832345008;832345008;LEIS03100A@istruzione.it;IP_sud_metro;II Grado;Professionale;Metropolitano
licei_trad;CSPC067014;LC FAGNANO C.;CSIS06700R;SAN MARCO ARGENTANO ITCG - LC;VIA DANTE ALIGHIERI SNC;SAN MARCO ARGENTANO;0984512529 0984512523;984481317;CSIS06700R@istruzione.it;licei_trad_sud_altro;II Grado;Liceo;Non Metropolitano
licei_altro;MITD330007;LICEO E ISTITUTO TECNICO - P. LEVI;MITD330007;PRIMO LEVI;VIA VARALLI, 20;BOLLATE;02 3506465;23505973;MITD330007@istruzione.it;licei_altro_nord_altro;II Grado;Liceo;Non Metropolitano
licei_altro;PAPM04000V;IM REGINA MARGHERITA;PAPM04000V;LICEO REGINA MARGHERITA;PIAZZETTA S. SALVATORE, 1;PALERMO;91334043;916512253;PAPM04000V@istruzione.it;licei_altro_sud_metro;II Grado;Liceo;Metropolitano
IP;CARH00203P;"I.P.S.A.R. ""AZUNI""";CAIS00200C;AZUNI;VIA IS MAGLIAS, 132;CAGLIARI;70270630;70270630;CAIS00200C@istruzione.it;IP_sud_metro;II Grado;Professionale;Metropolitano
IT;BNTF011015;S. GIORGIO SANNIO;BNIS01100L;VIRGILIO;VIA TIENGO, 1;BENEVENTO;82429642;824362718;BNIS01100L@istruzione.it;IT_sud_metro;II Grado;Tecnico;Metropolitano
licei_altro;BASD053019;"LICEO ARTISTICO E MUSICALE ""LUIGI RUSSO""";BAIS05300C;LUIGI RUSSO;VIA PROCACCIA, 111 (SEGRETERIE);MONOPOLI;809303948;804951486;BAIS05300C@istruzione.it;licei_altro_sud_altro;II Grado;Liceo;Non Metropolitano
IP;TARF006018;"ISTITUTO PROFESSIONALE ""MICHELE LENTINI""";TAIS00600G;LENTINI - L. S. EINSTEIN;VIA GIUSTI, 1;MOTTOLA;998862888;998884086;TAIS00600G@istruzione.it;IP_sud_altro;II Grado;Professionale;Non Metropolitano
licei_trad;MOPS00201V;PRIMO LEVI;MOIS00200C;PRIMO LEVI;VIA RESISTENZA, 800;VIGNOLA;59771195;59688550;MOIS00200C@istruzione.it;licei_trad_nord_altro;II Grado;Liceo;Non Metropolitano
licei_altro;CRSL01601Q;"L.ARTISTICO ""MUNARI""";CRIS01600C;"I.I.S. ""BRUNO MUNARI""";VIA PIACENZA, 52A;CREMA;0373/83458;0373 83458;CRIS01600C@ISTRUZIONE.IT;licei_altro_nord_altro;II Grado;Liceo;Non Metropolitano
IP;RGRI01301E;"I.P.S.I.A. ""G. FERRARIS""";RGIS01300V;GALILEO FERRARIS;VIA NICCOLÒ TOMMASEO, 5;RAGUSA;932624026;932252860;RGIS01300V@istruzione.it;IP_sud_metro;II Grado;Professionale;Metropolitano
licei_trad;FRPC02500X;S.BERNARDO;FRPC02500X;SAN BERNARDO;ABBAZIA DI CASAMARI;VEROLI;775283244;775283244;ISTITUTOSANBERNARDO@GMAIL.COM;licei_trad_nord_altro;II Grado;Liceo;Non Metropolitano
IP;SARA010016;I.P.S.A.S.R. ANGRI;SARA010005;AGRICOLTURA E AMBIENTE;VIA DELLE CALABRIE, 63 - LOC. LAMIA;SALERNO;89849905;89849905;SARA010005@istruzione.it;IP_sud_metro;II Grado;Professionale;Metropolitano
licei_altro;SSPS05000G;LICEO SCIENTIFICO STATALE LORENZO MOSSA;SSPS05000G;LORENZO MOSSA;VIA CAMPIDANO;OLBIA;78921834;78921834;SSPS05000G@istruzione.it;licei_altro_sud_altro;II Grado;Liceo;Non Metropolitano
IP;GERI07000P;I.P.S. I.S. GASLINI/MEUCCI;GERI07000P;GASLINI - MEUCCI;VIA PASTORINO, 15;GENOVA;107403503;107403503;GERI07000P@istruzione.it;IP_nord_metro;II Grado;Professionale;Metropolitano
IP;SIRI00301C;CENNINO CENNINI;SIIS00300R;SAN GIOVANNI BOSCO;VIALE DEI MILLE, 12/A;COLLE DI VAL D'ELSA;0577 909037;577909037;SIIS00300R@istruzione.it;IP_nord_altro;II Grado;Professionale;Non Metropolitano
licei_trad;ALPS00401C;L.B. ALBERTI;ALIS004002;BENVENUTO CELLINI;STRADA PONTECURONE, 17;VALENZA;131945855;131945855;ALIS004002@istruzione.it;licei_trad_nord_altro;II Grado;Liceo;Non Metropolitano
licei_trad;SAPC040008;"""F. DE SANCTIS"" - SALERNO";SAPC040008;F. DE SANCTIS;VIA TEN. UGO STANZIONE;SALERNO;89752094;89752094;SAPC040008@istruzione.it;licei_trad_sud_metro;II Grado;Liceo;Metropolitano
licei_altro;RGSL013016;LICEO ARTISTICO G. FERRARIS;RGIS01300V;GALILEO FERRARIS;VIA NICCOLÒ TOMMASEO, 5;RAGUSA;932624026;932252860;RGIS01300V@istruzione.it;licei_altro_sud_metro;II Grado;Liceo;Metropolitano
IT;GETD00301G;I.T.S. - E.MONTALE -;GEIS003009;E. MONTALE - NUOVO I.P.C.;VIA TIMAVO, 63;GENOVA;0103762192 0103761308;103761308;GEIS003009@istruzione.it;IT_nord_metro;II Grado;Tecnico;Metropolitano
licei_trad;BSPS017019;"ROVATO (SEZ.ASS.I.S.""GIGLI"")";BSIS01700V;ROVATO LORENZO GIGLI;VIA EUROPA, 46/D;ROVATO;307721610;30660242;BSIS01700V@istruzione.it;licei_trad_nord_altro;II Grado;Liceo;Non Metropolitano
IT;CSTF068015;ITI CARIATI;CSIS06800L;IIS CARIATI LS - IPSC-IPSIA-ITI;VIA NICOLA GOLIA SNC;CARIATI;98391312;;CSIS06800L@istruzione.it;IT_sud_altro;II Grado;Tecnico;Non Metropolitano
licei_trad;CBPC00201A;"L.CLASSICO ""M.PAGANO""";CBIS002003;MARIO PAGANO;VIA G. SCARDOCCHIA SNC;CAMPOBASSO;874413704;3394279432;CBIS002003@istruzione.it;licei_trad_sud_metro;II Grado;Liceo;Metropolitano
IP;NARH105008;MARIA MONTESSORI;NARH105008;IPSEOA PARITARIO MONTESSORI;VIA MARIGLIANO, 140;SOMMA VESUVIANA;818932444;818932444;montessori@istruzionemontessori.it;IP_sud_altro;II Grado;Professionale;Non Metropolitano
licei_trad;MIPC10500T;LICEO CLASSICO ISTITUTO LEONE XIII;MIPC10500T;LEONE XIII;VIA LEONE XIII, 12;MILANO;02 4385021;02-4385021;INFO@LEONEXIII.IT;licei_trad_nord_metro;II Grado;Liceo;Metropolitano
licei_altro;SOPS050001;LICEO P.NERVI - G.FERRARI;SOPS050001;P. NERVI - G. FERRARI;PIAZZA S. ANTONIO, 9;MORBEGNO;342612541;0342 662237;SOPS050001@istruzione.it;licei_altro_nord_altro;II Grado;Liceo;Non Metropolitano
licei_altro;NUPS016019;"L. SC. ""L. DA VINCI"" LANUSEI";NUIS01600V;LEONARDO DA VINCI;VIA LEONARDO DA VINCI;LANUSEI;78242256;78242624;NUIS01600V@istruzione.it;licei_altro_sud_altro;II Grado;Liceo;Non Metropolitano
;;IC;VVIC81500A;SORIANO CAL. CAPOLUOGO;VIA CORRADO ALVARO;SORIANO CALABRO;0963 351006;9631950702;vvic81500a@istruzione.it;sud_altro;ND;ND;Non Metropolitano
;;IC;PAIC8BB00P;MANERI - INGRASSIA - DON MILANI;PASSAGGIO DEI PICCIOTTI, 3;PALERMO;091/476364;91476364;paic8bb00p@istruzione.it;sud_metro;ND;ND;Metropolitano
;;IC;BOIC82700P;MINERBIO;VIA DON C. ZAMBONI, 5;MINERBIO;51878146;51878146;boic82700p@istruzione.it;nord_altro;ND;ND;Non Metropolitano
;;IC;REIC841008;LEPIDO;VIA PREMUDA, 34;REGGIO NELL'EMILIA;522585889;0522-585889;reic841008@istruzione.it;nord_metro;ND;ND;Metropolitano
;;IC;PSIS00700A;DELLA ROVERE;VIA XXIII GENNAIO;URBANIA;722319435;722818546;psis00700a@istruzione.it;nord_altro;ND;ND;Non Metropolitano
;;IC;RM1M074003;S. GIOVANNI BATTISTA;VIA CASALE S. PIO V, 11;ROMA;666000849;666000849;scuola.sgb.rm@gmail.com;nord_metro;ND;ND;Metropolitano
;;IC;GEIC860009;STURLA;VIA V. ERA, 1B;GENOVA;10387504;103774911;geic860009@istruzione.it;nord_metro;ND;ND;Metropolitano
;;IC;NAIC8BV009;CASANOVA - COSTANTINOPOLI;PIAZZA CAVOUR, 25;NAPOLI;81291403;81291403;naic8bv009@istruzione.it;sud_metro;ND;ND;Metropolitano
;;IC;TNIC85500V;ROVERETO SUD;VIA BENACENSE, 32;ROVERETO;464420532;464420532;segr.ic.roveretosud@scuole.provincia.tn.it;nord_altro;ND;ND;Non Metropolitano
;;IC;CAIC86800V;VIA STOCCOLMA;VIA STOCCOLMA, 1;CAGLIARI;7043069;7043069;caic86800v@istruzione.it;sud_metro;ND;ND;Metropolitano
;;IC;PEIC83200Q;PESCARA 6;VIA SCARFOGLIO, 35;PESCARA;085 67422;8567422;peic83200q@istruzione.it;sud_metro;ND;ND;Metropolitano
;;IC;PAIC888009;GIOVANNI XXIII;VIA PIERSANTI MATTARELLA, 9;TRABIA;91544510;91544510;paic888009@istruzione.it;sud_altro;ND;ND;Non Metropolitano
;;IC;VEIC81400N;UGO FOSCOLO;FONDAMENTA RADI, 9/A;VENEZIA;41739107;415225295;veic81400n@istruzione.it;nord_metro;ND;ND;Metropolitano
;;IC;UD1M00600L;G. BEARZI;VIA DON BOSCO, 2;UDINE;0432 493911;432493911;segreteria@bearzi.it;nord_metro;ND;ND;Metropolitano
;;IC;NAIC8FM00X;91 - MINNITI;VIA CONSALVO, 93;NAPOLI;081 2391129;812391129;naic8fm00x@istruzione.it;sud_metro;ND;ND;Metropolitano
IP;CNRH028024;"DRONERO ""GIANFRANCO DONADIO""";CNIS02800V;VINCENZO VIRGINIO - GIANFRANCO DONADIO;VIA SAVIGLIANO, 25;CUNEO;17165658;17165658;CNIS02800V@istruzione.it;IP_nord_metro;II Grado;Professionale;Metropolitano
licei_altro;NUPS00601P;"L.SC. ""A. BUSINCO"" JERZU";NUIS006008;A. BUSINCO;VIA BUSINCO, 31;JERZU;78270255;78270056;NUIS006008@istruzione.it;licei_altro_sud_altro;II Grado;Liceo;Non Metropolitano
licei_altro;MITF19000B;ISTITUTO TECNICO E LICEO - A. STEINER;MITF19000B;I.T.S.O.S. ALBE STEINER;VIA S. DIONIGI, 36;MILANO;25391391;25391391;MITF19000B@istruzione.it;licei_altro_nord_metro;II Grado;Liceo;Metropolitano
IT;TVTF01101V;I.T.I.S. MOTTA LIVENZA (S.C. I.S. MOTTA);TVIS01100A;A. SCARPA;VIA I MAGGIO, 3;MOTTA DI LIVENZA;422766101;422766101;TVIS01100A@istruzione.it;IT_nord_altro;II Grado;Tecnico;Non Metropolitano
IT;KRTA004018;ISTITUTO TECNICO AGRARIO;KRIS00400C;GIUSEPPE GANGALE;PIAZZA KENNEDY, 10;CIRÒ MARINA;96235994;96235994;KRIS00400C@istruzione.it;IT_sud_altro;II Grado;Tecnico;Non Metropolitano
IP;RARC07000X;"I.P.S. ""A.OLIVETTI - C. CALLEGARI""";RARC07000X;"I.P.S. ""OLIVETTI - CALLEGARI""";VIA UMAGO, 18;RAVENNA;544420329;544420329;RARC07000X@istruzione.it;IP_nord_metro;II Grado;Professionale;Metropolitano
licei_trad;CZPS01801T;"LS ""A.GUARASCI"" SOVERATO";CZIS01800B;A. GUARASCI - ANTONINO CALABRETTA;VIA C. AMIRANTE;SOVERATO;96721058;96721058;CZIS01800B@istruzione.it;licei_trad_sud_altro;II Grado;Liceo;Non Metropolitano
licei_trad;CTPC605004;SAVOIA;CTPC605004;SAVOIA;VIA NAPOLI, 117;CATANIA;957227118;095 7227118 095 722.5171;INFO@ISTITUTOSAVOIA.IT;licei_trad_sud_metro;II Grado;Liceo;Metropolitano
IP;SSRA00302N;PERFUGAS;SSIS00300L;"I.I.S. ""N. PELLEGRINI""";VIA BELLINI, 5;SASSARI;79244110;79244110;SSIS00300L@istruzione.it;IP_sud_metro;II Grado;Professionale;Metropolitano
licei_trad;CEPS02000T;LS ENRICO FERMI AVERSA;CEPS02000T;ENRICO FERMI;VIA FERMI;AVERSA;815020007;815020007;CEPS02000T@istruzione.it;licei_trad_sud_altro;II Grado;Liceo;Non Metropolitano
IT;NATFGA500B;;NATFGA500B;SANTA MARIA DEL POZZO (ART. INFORMATICA);VIA GIAMBATTISTA VELA 318;NAPOLI;;;;IT_sud_metro;II Grado;Tecnico;Metropolitano
licei_altro;RMPL355003;L.LING. MONS. TOZZI;RMPL355003;MONS. TOZZI;V. CASALETTO, 35;ROMA;65346270;65346270;tozzist@tin.it;licei_altro_nord_metro;II Grado;Liceo;Metropolitano
IP;PGRA02801V;"""U. PATRIZI""";PGIS02800V;PATRIZI - BALDELLI - CAVALLOTTI;VIALE BOLOGNI, 86;CITTÀ DI CASTELLO;758521144;758521144;PGIS02800V@istruzione.it;IP_nord_altro;II Grado;Professionale;Non Metropolitano
IT;SRTL49500I;"ISTITUTO PARITARIO ""S. QUASIMODO""";SRTL49500I;S. QUASIMODO;VIA S. GIUSEPPE, 13;SIRACUSA;93169666;3337332245;quasimodomagica@libero.it;IT_sud_metro;II Grado;Tecnico;Metropolitano
IT;CHTL31500X;PITAGORA;CHTL31500X;PITAGORA;VIA F. P. TOSTI, 38;FRANCAVILLA AL MARE;85817618;8551288;istpitag@tin.it;IT_sud_altro;II Grado;Tecnico;Non Metropolitano
licei_altro;VRPLHM500A;"LICEO LINGUISTICO ""DON BOSCO""";VRPLHM500A;DON BOSCO;VIA ANTONIO PROVOLO, 16;VERONA;045 8070786;458070711;SEGRETERIA.DBOSCO@SALESIANIVERONA.IT;licei_altro_nord_metro;II Grado;Liceo;Metropolitano
IP;NARFRT500R;GIOVANNI VERGA (servizi per la sanità e l'assistenza sociale);NARFRT500R;GIOVANNI VERGA (SERVIZI PER LA SANITÃ E L'ASSISTENZA SOCIALE);VIA GUGLIELMO MARCONI, 22;ACERRA;812132505;818859442;istitutogverga@hotmail.com;IP_sud_altro;II Grado;Professionale;Non Metropolitano
licei_altro;VAPS11000A;"L. SCIENT. ""SERENI"" - LUINO";VAPS11000A;"LICEO SCIENTIFICO ""SERENI"" LUINO";VIA LUGANO, 24;LUINO;332531585;332531585;VAPS11000A@istruzione.it;licei_altro_nord_altro;II Grado;Liceo;Non Metropolitano
IP;SARH04301N;IPSEOA ANGRI;SAIS04300D;G. FORTUNATO;VIA CUPARELLA, 1;ANGRI;815135420;815135420;SAIS04300D@istruzione.it;IP_sud_altro;II Grado;Professionale;Non Metropolitano
IT;VATN003015;CITTA DI LUINO-CARLO VOLONTE (TURISMO);VAIS003001;CITTÀ DI LUINO - CARLO VOLONTÈ;VIA LUGANO, 24/A;LUINO;0332 530387;0332 575515;VAIS003001@istruzione.it;IT_nord_altro;II Grado;Tecnico;Non Metropolitano
IP;SARH05702L;IPSAR CAPACCIO;SAIS05700B;IIS IPSAR PIRANESI;VIA MAGNA GRAECIA;CAPACCIO PAESTUM;8281991160;8281991160;SAIS05700B@istruzione.it;IP_sud_altro;II Grado;Professionale;Non Metropolitano
IT;VITD016013;"ITC ""ALMERICO DA SCHIO""";VIIS01600R;I.I.S. ALMERICO DA SCHIO;VIA BADEN POWELL, 33;VICENZA;0444 294320;0444/294320;VIIS01600R@istruzione.it;IT_nord_metro;II Grado;Tecnico;Metropolitano
licei_trad;CHPS02101B;LICEO SCIENTIFICO;CHIS021001;NICOLA DA GUARDIAGRELE;VIA GRELE, 24/A;GUARDIAGRELE;87182232;87182232;CHIS021001@istruzione.it;licei_trad_sud_altro;II Grado;Liceo;Non Metropolitano
IP;MTRF00901N;"I.P. PER SERV.SOC.""I. MORRA"" - MATERA";MTIS009001;ISABELLA MORRA;VIA DANTE, 84;MATERA;835386268;3473710529;MTIS009001@istruzione.it;IP_sud_metro;II Grado;Professionale;Metropolitano
IT;PDTD027014;I.T.T. (S.A. IIS L.DA VINCI) - PD;PDIS02700T;LEONARDO DA VINCI;VIA SAN GIOVANNI DI VERDARA, 36;PADOVA;049 8724155;498724155;PDIS02700T@istruzione.it;IT_nord_metro;II Grado;Tecnico;Metropolitano
licei_altro;TNPM01000X;;TNPM01000X;ANTONIO ROSMINI;VIA B. MALFATTI, 2;TRENTO;0461 914400;0461 914400;;licei_altro_nord_metro;II Grado;Liceo;Metropolitano
licei_trad;VAPC020001;ERNESTO CAIROLI - VARESE;VAPC020001;ERNESTO CAIROLI;VIA DANTE, 11;VARESE;332281690;331921114;VAPC020001@istruzione.it;licei_trad_nord_metro;II Grado;Liceo;Metropolitano
;;IC ;RMIC8GA002;VIA P. STABILINI;VIA P. STABILINI, 19;ROMA;672970371;67221968;rmic8ga002@istruzione.it;nord_metro;ND;ND;Metropolitano
;;IC ;LEIC887006;POLO 1;PIAZZA FORTUNATO CESARI, 14;GALATINA;836566035;836566035;leic887006@istruzione.it;sud_altro;ND;ND;Non Metropolitano
;;IC ;NAIC89900V;TERESA CONFALONIERI;VICO SS. FILIPPO E GIACOMO - VICO SAN SEVERINO;NAPOLI;815517035;815517035;naic89900v@istruzione.it;sud_metro;ND;ND;Metropolitano
;;IC ;RMIC8FA00B;VIA CASALE DEL FINOCCHIO;VIA CASALE DEL FINOCCHIO, 56;ROMA;06 20764796;06 20764796;rmic8fa00b@istruzione.it;nord_metro;ND;ND;Metropolitano
;;IC ;RAIC82800B;N. 1 - INTERCOMUNALE RAVENNA/CERVIA;VIA MARTIRI FANTINI, 46;RAVENNA;544951728;438451624;raic82800b@istruzione.it;nord_metro;ND;ND;Metropolitano
;;IC ;MOIC84900D;IC2 RAVARINO;VIA ROMA, 173/B;RAVARINO;59800880;;direzione@ic2ravarino.edu.it;nord_altro;ND;ND;Non Metropolitano
;;IC ;TRMM045005;L. DA VINCI E O. NUCULA;VIA LUIGI LANZI, 15;TERNI;744402156;744402156;trmm045005@istruzione.it;nord_metro;ND;ND;Metropolitano
;;IC ;NAIC8F100C;VILLA FLEURENT - NA 20;CALATA CAPODICHINO, 211/A;NAPOLI;0817800700 5990161;3,93E+11;naic8f100c@istruzione.it;sud_metro;ND;ND;Metropolitano
;;IC ;MSIC81200D;MASSA 6;PIAZZA ALBANIA, 7;MASSA;585833924;58542079;msic81200d@istruzione.it;nord_metro;ND;ND;Metropolitano
;;IC ;CLIC81800D;L. DA VINCI;VIA CONCETTO MARCHESI, 11;MUSSOMELI;934951239;934951239;clic81800d@istruzione.it;sud_altro;ND;ND;Non Metropolitano
;;IC ;NA1M008005;SUORE FRANCESCANE ADORATRICI CROCE;VIA NUOVA P. LUDOVICO, 26;CASORIA;081 7571335;817571335;istitutovelotti@tin.it;sud_altro;ND;ND;Non Metropolitano
;;IC ;FGIC86200B;CATALANO + MOSCATI;VIA MARIO ALTAMURA - PARCO SAN FELICE;FOGGIA;881746552;881746552;fgic86200b@istruzione.it;sud_metro;ND;ND;Metropolitano
;;IC ;CRIC817004;LUIGI CHIESA;VIA UNGARETTI, 38;SPINO D'ADDA;0373 980272;0373 980272;didattica@icspinodadda.edu.it;nord_altro;ND;ND;Non Metropolitano
;;IC ;PAIC87200Q;PADRE PINO PUGLISI;VIA FRANCESCO PANZERA, 28;PALERMO;916307402;3936303798;paic87200q@istruzione.it;sud_metro;ND;ND;Metropolitano
;;IC ;BAIC818001;MASSARI - GALILEI;VIA DANIELE PETRERA, 80;BARI;808653300;805566662;baic818001@istruzione.it;sud_metro;ND;ND;Metropolitano
IP;PZRA029013;"I.P.S.A.S.R. ""G.FORTUNATO"" GENZANO DI L.";PZIS029003;E. MAJORANA;VIA G. PENNELLA;GENZANO DI LUCANIA;0971 774136;971774136;PZIS029003@istruzione.it;IP_sud_altro;II Grado;Professionale;Non Metropolitano
licei_altro;LEPM01000Q;"LICEO ""P. SICILIANI""";LEPM01000Q;LICEO PIETRO SICILIANI;VIA DI LEUCA, 2/L;LECCE;0832 246020 - 0832241707;832246020;LEPM01000Q@istruzione.it;licei_altro_sud_metro;II Grado;Liceo;Metropolitano
licei_trad;AGPC010001;LICEO CLASSICO - EMPEDOCLE;AGPC010001;EMPEDOCLE;VIA EMPEDOCLE;AGRIGENTO;92220335;92220335;AGPC010001@istruzione.it;licei_trad_sud_metro;II Grado;Liceo;Metropolitano
licei_trad;PAPC030004;MELI;PAPC030004;GIOVANNI MELI;VIA S. ALDISIO, 2;PALERMO;916884720;916143417;PAPC030004@istruzione.it;licei_trad_sud_metro;II Grado;Liceo;Metropolitano
IT;PATD03801P;"I.T. ECONOMICO E TURISMO ""PIO LA TORRE""";PAIS03800C;PIO LA TORRE;VIA NINA SICILIANA, 22;PALERMO;091 6521539;916521539;PAIS03800C@istruzione.it;IT_sud_metro;II Grado;Tecnico;Metropolitano
licei_altro;RMPL085008;LICEO LINGUISTICO KENNEDY;RMPL085008;KENNEDY;VIA GIOSUE CARDUCCI, 2;ROMA;66796652;66796652;info@kennedyscuola.it;licei_altro_nord_metro;II Grado;Liceo;Metropolitano
licei_altro;AGPS02000P;LICEO SCIENTIFICO - ENRICO FERMI;AGPS02000P;ENRICO FERMI;VIA PARMA, 1;SCIACCA;92585103;92521061;AGPS02000P@istruzione.it;licei_altro_sud_altro;II Grado;Liceo;Non Metropolitano
licei_trad;CZPS002018;LS GIRIFALCO -I.S.-;CZIS00200T;ETTORE MAJORANA;VIA XXV APRILE;GIRIFALCO;0968 749233;968749233;CZIS00200T@istruzione.it;licei_trad_sud_altro;II Grado;Liceo;Non Metropolitano
licei_altro;PIPS01000Q;LICEO SCIENTIFICO G.MARCONI;PIPS01000Q;MARCONI;VIA TRENTO, 74 - LOC. LA SCALA;SAN MINIATO;0571 418392 419879;490990001;PIPS01000Q@istruzione.it;licei_altro_nord_altro;II Grado;Liceo;Non Metropolitano
licei_trad;AQPS018016;LICEO SCIENTIFICO A. BAFILE;AQIS01800Q;A. BAFILE;VIA ACQUASANTA, 16;L'AQUILA;862410212;862410212;AQIS01800Q@istruzione.it;licei_trad_sud_metro;II Grado;Liceo;Metropolitano
licei_altro;RMPS024013;"LICEO SCIENTIFICO ""GUGLIELMO MARCONI""";RMIS02400L;I.I.S.VIA DELLE SCIENZE COLLEFERRO;VIA DELLE SCIENZE E DELLA TECNICA SNC;COLLEFERRO;6121126040;6121126040;RMIS02400L@istruzione.it;licei_altro_nord_altro;II Grado;Liceo;Non Metropolitano
licei_altro;NASD04000B;"LICEO ARTISTICO STATALE-""G. DE CHIRICO""";NASD04000B;G. DE CHIRICO;VIA VITTORIO VENETO, 514;TORRE ANNUNZIATA;081 536 28 38;815721777;NASD04000B@istruzione.it;licei_altro_sud_altro;II Grado;Liceo;Non Metropolitano
licei_trad;RMPS094019;ARCHIMEDE;RMIS09400V;PACINOTTI - ARCHIMEDE;VIA MONTAIONE, 15;ROMA;6121123545;6111123545;RMIS09400V@istruzione.it;licei_trad_nord_metro;II Grado;Liceo;Metropolitano
licei_altro;GEPMAH500O;Duchessa di Galliera;GEPMAH500O;DUCHESSA DI GALLIERA;CORSO MENTANA, 27;GENOVA;10541907;;duchessadigalliera@genoaschool.eu;licei_altro_nord_metro;II Grado;Liceo;Metropolitano
licei_trad;NAPS36000R;"L.SCIENT.""CARLO URBANI""SAN GIORGIO A CR.";NAPS36000R;LICEO STATALE CARLO URBANI;VIA BUONGIOVANNI, 77;SAN GIORGIO A CREMANO;815749361;081 5749361;NAPS36000R@istruzione.it;licei_trad_sud_altro;II Grado;Liceo;Non Metropolitano
licei_trad;PAPS3Q5009;ISTITUTO GONZAGA;PAPS3Q5009;ISTITUTO GONZAGA;VIA PIERSANTI MATTARELLA N. 38-42;PALERMO;91302093;91302093;segreteria@gonzagapalermo.it;licei_trad_sud_metro;II Grado;Liceo;Metropolitano
licei_trad;CEPS875001;SACRO CUORE DI MARIA;CEPS875001;IST. SALESIANI SACRO CUORE DI MARIA;VIA DON BOSCO, 34;CASERTA;823215716;823215711;SEGRETERIA@SALESIANICASERTA.ORG;licei_trad_sud_metro;II Grado;Liceo;Metropolitano
IP;MIRFHT500U;BARBARA MELZI;MIRFHT500U;BARBARA MELZI;CORSO SEMPIONE, 102;LEGNANO;0331 440049;0331 440049;canlegmi@fdcc.org;IP_nord_altro;II Grado;Professionale;Non Metropolitano
IP;MERI03701E;"IST PROF.LE "" A.M. JACI""";MEIS03700V;"IST. TEC. ECONOMICO ""A.M.JACI""";VIA CESARE BATTISTI 88;MESSINA;909488006;3385706076;Non Disponibile;IP_sud_metro;II Grado;Professionale;Metropolitano
IT;CNTD01101Q;"CEVA ""G. BARUFFI""";CNIS01100D;G. BARUFFI;PIAZZA GALLIANO, 3;CEVA;174701024;174701024;CNIS01100D@istruzione.it;IT_nord_altro;II Grado;Tecnico;Non Metropolitano
IT;CTTF04301X;ITI G.MARCONI;CTIS04300B;I.I.S. MARCONI - MANGANO;VIA VESCOVO MAURIZIO, 82;CATANIA;3475768460;956136460;CTIS04300B@istruzione.it;IT_sud_metro;II Grado;Tecnico;Metropolitano
IT;FETF014014;ISTITUTO TECNICO SETTORE TECNOLOGICO;FEIS01400G;F.LLI TADDIA;VIA BARUFFALDI, 10;CENTO;516856411;516856411;FEIS01400G@istruzione.it;IT_nord_altro;II Grado;Tecnico;Non Metropolitano
IP;BORF02701G;I.P. SERV. SOC. E PUBBLICITA' E. SIRANI;BOIS02700V;CRESCENZI - PACINOTTI - SIRANI;VIA SARAGOZZA, 9;BOLOGNA;513397411;513397411;BOIS02700V@istruzione.it;IP_nord_metro;II Grado;Professionale;Metropolitano
licei_altro;MIPMU4500Z;LICEO DELLE SCIENZE UMANE OPZ. ECONOMICO SOCIALE SAN CARLO;MIPMU4500Z;COLLEGIO SAN CARLO;CORSO MAGENTA, 71;MILANO;2.430.631;2430631;csc@collegiosancarlo.it;licei_altro_nord_metro;II Grado;Liceo;Metropolitano
licei_altro;MEPMEB500L;LICEO DELLE SCIENZE UMANE;MEPMEB500L;S. IGNAZIO;VIA IGNATIANUM, 23;MESSINA;90360754;9043669;amministrazione@collegiosignazio.it;licei_altro_sud_metro;II Grado;Liceo;Metropolitano
licei_trad;AVPS12000T;LICEO SCIENTIFICO P. S. MANCINI;AVPS12000T;P. S. MANCINI;VIA DE CONCILII, 1;AVELLINO;8251643363;8251643363;AVPS12000T@istruzione.it;licei_trad_sud_metro;II Grado;Liceo;Metropolitano
